Title,Division,category
[교직특강] 교사의 신항로 개척,공지,역사문화학과
★2017학년도 전기(2018.2월) 졸업논문제★지도교수 배정 및 제출양식,공지,역사문화학과
학생경력개발시스템(SNOWAY) 소개 및 설명회 개최 안내,취업,역사문화학과
2017학년도 전기(2018년2월) 조기졸업 신청 안내,공지,역사문화학과
2016학년도 후기(2017년8월졸업) 졸업논문제 제출마감일 연장 안내,공지,역사문화학과
취업특강 개최 안내 (5/30 (화) 17시),공지,역사문화학과
사회진출계획 조사표(Job Planning Card) 양식,공지,역사문화학과
"찾아가는 진로·취업설명회 개최 (5/2(화) 16:30, 명신203호)",공지,역사문화학과
"2016학년도 후기(2017년8월졸업) 졸업신청자 교원자격증발급신청 안내(재학생, 수료생)",공지,역사문화학과
2016학년도 후기 졸업논문제 지도교수 배정 결과 및 일정 안내,공지,역사문화학과
"2016학년도 후기(2017년8월졸업) 졸업신청 및 인증제 제출 관련 안내 (재학생, 수료생)",공지,역사문화학과
2017 찾아가는 학과별 진로취업설명회 참석자 모집 안내,공지,역사문화학과
2016학년도 후기(2017년 8월 졸업) 졸업논문제 신청 및 제출기간 안내,공지,역사문화학과
2017-1학기 졸업초과학점포기 시행 안내,공지,역사문화학과
2016학년도 후기(2017년 8월) 조기졸업 신청 안내,공지,역사문화학과
2017-1 졸업예정자(최종 학기)의 조기취업 사유 출석인정 신청,공지,역사문화학과
2016학년도 전기(2017년 2월 졸업) 졸업인증제 심사결과 조회 및 부전공전환 신청 안내,공지,역사문화학과
2016학년도 전기(2017년 2월 졸업) 졸업예정자 계속수학 신청 안내,공지,역사문화학과
2016년 동계방학 중 학과사무실 단축근무 시행 안내 (1/9~1/20),공지,역사문화학과
2017-1 일학습병행제(IPP) 추가모집 (~1/2 24시),공지,역사문화학과
10월 27일 취업특강 안내,취업,역사문화학과
2016학년도 전기(2017년 2월 졸업) 교원자격증 발급신청 안내,공지,역사문화학과
2016학년도 전기(2017년 2월) 졸업예정자 졸업신청 안내,공지,역사문화학과
졸업예정자(최종 학기)의 조기취업 사유 출석인정 시행 안내,공지,역사문화학과
2016학년도 전기 학부 졸업논문 지도교수 배정 결과,공지,역사문화학과
9월 22일 취업특강 안내,취업,역사문화학과
2016학년도 전기(2017년 2월) 졸업논문제 및 졸업인증제 안내,공지,역사문화학과
[2-3학년대상] 눈꽃멘토링 프로그램 안내,공지,역사문화학과
2016-2 IPP 학과별 지원가능 기업리스트,공지,역사문화학과
성공적 취업을 위한 취업프로그램안내 (PICK ME!),취업,역사문화학과
2016-1 교원자격증 발급신청 안내,공지,역사문화학과
2016-1 졸업인증제 안내,공지,역사문화학과
2016-1 학부 졸업논문제 지도교수님 배정결과,공지,역사문화학과
김자은 장학금 신청서양식,공지,역사문화학과
숙명인과 함께하는 “취업성공패키지”,취업,역사문화학과
2016년 2월 졸업예정자 계속수학 신청 안내,공지,역사문화학과
[채용] 서울 성남중학교 정교사 채용,취업,역사문화학과
2015-2 학부 졸업인증제 안내,공지,역사문화학과
2015-2 교원자격증발급신청 안내,공지,역사문화학과
2015-2 학부 졸업논문 지도교수님 배정,공지,역사문화학과
2014학년도 후기(2015년 8월) 졸업예정자 계속수학 신청 안내,공지,역사문화학과
2014학년도 후기 졸업인증제 심사결과 조회 및 부전공전환 신청 안내,공지,역사문화학과
2015-1학기 공모전 장학금 선발 안내,공지,역사문화학과
2015-1 학부 졸업논문 지도교수님 배정,공지,역사문화학과
"[제 14회 숙명토론대회] 바람직한 국사교육, 당신의 선택은?",공지,역사문화학과
2014학년도 후기(2015년 8월 졸업) 졸업 영어인증제 및 정보인증제,공지,역사문화학과
2014학년도 후기(2015년 8월 졸업) 졸업논문제 안내,공지,역사문화학과
[한중일3국협력사무국] TCS 서포터즈 모집,취업,역사문화학과
제58회 전국역사학대회 답사 동영상 경연대회 개최 안내,공지,역사문화학과
2015년 제5기 백범김구기념관 도슨트 양성과정 모집,취업,역사문화학과
제18회 한국서양사학회 전국학술대회,공지,역사문화학과
제7회 전국서양사연합학술대회,공지,역사문화학과
2010 추계 정기답사 일정,공지,역사문화학과
2010 공모전 장학금 접수 및 선발,공지,역사문화학과
2010학년 2학기 재학생/복학생 사물함 신청 안내,공지,역사문화학과
2010학년도 2학기 학과 일정 안내,공지,역사문화학과
2010 하반기 문화재 발굴조사 장학생 선발.,공지,역사문화학과
학과 공식 싸이클럽 안내입니다.,공지,역사문화학과
2010 교직과정이수예정자 선발 관련(09학번 대상),공지,역사문화학과
2010년 국립중앙박물관 대학생 자원봉사자 모집,공지,역사문화학과
선배님과의 간담회 안내,공지,역사문화학과
[취업] 2018년 1월 4주차 신규채용공고 발굴현황,취업,독일언어/문화학과
[취업] 2018년 1월 3주차 신규채용공고 발굴현황,취업,독일언어/문화학과
[취업] 2018년 1월 2주차 신규채용공고 발굴현황,취업,독일언어/문화학과
[취업] 2018년 1월 1주차 신규채용공고 발굴현황,취업,독일언어/문화학과
졸업논문 표지 양식,공지,독일언어/문화학과
[한독상공회의소] Trade & Ausbildung 한국인 인턴 모집,취업,독일언어/문화학과
[취업] 2017년 12월 1주차 신규채용공고 발굴현황,취업,독일언어/문화학과
[취업] 2017년 11월 4주차 신규채용공고 발굴현황,취업,독일언어/문화학과
[취업] 2017년 11월 1주차 신규채용공고 발굴현황,취업,독일언어/문화학과
[취업] 2017년 10월 4주차 신규채용공고 발굴현황,취업,독일언어/문화학과
[취업] 2017년 10월 3주차 신규채용공고 발굴현황,취업,독일언어/문화학과
[취업] 2017년 9월 4주차 신규채용공고 발굴현황,취업,독일언어/문화학과
[취업] 2017년 9월 2주차 신규채용공고 발굴현황,취업,독일언어/문화학과
[취업] 2017년 9월 1주차 신규채용공고 발굴현황,취업,독일언어/문화학과
[취업] 2017년 8월 5주차 신규채용공고 발굴현황,취업,독일언어/문화학과
[취업] 2017년 8월 1주차 신규채용공고 발굴현황,취업,독일언어/문화학과
[독일 NRW연방주 경제개발공사 한국대표부] 인턴채용 공고_마감,취업,독일언어/문화학과
[취업] 2017년 7월 2주차 신규채용공고 발굴현황,취업,독일언어/문화학과
[취업] 2017년 6월 3주차 신규채용공고 발굴현황,취업,독일언어/문화학과
[취업] 2017년 6월 2주차 신규채용공고 발굴현황,취업,독일언어/문화학과
[취업] 2017년 6월 1주차 신규채용공고 발굴현황,취업,독일언어/문화학과
[취업] 2017년 5월 5주차 신규채용공고 발굴현황,취업,독일언어/문화학과
청년희망 프로젝트 '딱 하루만! 쉬어가는 국립공원 생태발걸음',취업,독일언어/문화학과
[취업] 2017년 4월 4주차 신규채용공고 발굴현황,취업,독일언어/문화학과
[취업] 2017년 4월 3주차 신규채용공고 발굴현황,취업,독일언어/문화학과
[취업] 2017년 4월 2주차 신규채용공고 발굴현황,취업,독일언어/문화학과
[취업] 2017년 4월 1주차 신규채용공고 발굴현황,취업,독일언어/문화학과
[취업] 2017년 3월 4주차 신규채용공고 발굴현황,취업,독일언어/문화학과
[취업] 2017년 3월 3주차 신규채용공고 발굴현황,취업,독일언어/문화학과
[취업] 대학창조일자리센터 주관 취업지원 프로그램,취업,독일언어/문화학과
한국문학번역원 번역아카데미 특별과정 수강생 모집,취업,독일언어/문화학과
2016-2 공모전 장학금 선발안내,공지,독일언어/문화학과
2016학년도 교직과정이수예정자 선발 안내,공지,독일언어/문화학과
2016-1 제10회 독문 번역상 공모,공지,독일언어/문화학과
[공모] 숙명 창학 110주년 기념 UCC 공모전,공지,독일언어/문화학과
[채용] 독일‘IMPEX GLS GmbH’ 모집공고,취업,독일언어/문화학과
[취업] 숙명인과 함께하는 “취업성공패키지” 안내,취업,독일언어/문화학과
[채용] 독일NRW연방주 경제개발공사 채용 안내,취업,독일언어/문화학과
[채용] 번역회사 프로랭스 채용 안내,취업,독일언어/문화학과
[2016년 2월 졸업예정] 졸업논문 작성방법 및 표지 양식,공지,독일언어/문화학과
[취업]외국계 취업 설명회 안내,취업,독일언어/문화학과
졸업관련 일정 안내,공지,독일언어/문화학과
졸업논문 작성방법 및 표지 양식,공지,독일언어/문화학과
2015 한국문학번역원 번역아카데미 제8기 특별과정 수강생 모집,취업,독일언어/문화학과
[의사소통센터] 시민인문학 강좌 안내,공지,독일언어/문화학과
2015년도 1학기 IPTV 리포터 16기 모집,공지,독일언어/문화학과
한국에듀센터 2015년 26과목 유망자격증 [장학금지원],공지,독일언어/문화학과
인문학 대중강연 프로그램 'Beautiful life'를 알려드립니다.,공지,독일언어/문화학과
'밥이 되는 인문학' 강연 참가모집,공지,독일언어/문화학과
[취업] CJ멘토와 함께하는 팀 프로젝트 체험! CJ 내:일을 말하다 '미생',취업,독일언어/문화학과
[행사안내] 제 8회 관악 블록세미나 (서울대 독일어문화권연구소 주최),공지,독일언어/문화학과
[행사안내] 니콜라우스 뉘첼의 발표와 토론 (주한독일문화원 개최),공지,독일언어/문화학과
[취업정보] CJ 올리브네트웍스,취업,독일언어/문화학과
[취업정보] 동아HGN,취업,독일언어/문화학과
[독일언어문화학과] 2014 학과별 국제교류 프로그램 설명회 개최,공지,독일언어/문화학과
"KOTRA, ‘2014 글로벌 취업상담회’ 성황리에 열려(참가기업 리스트 첨부)",취업,독일언어/문화학과
"[공지] [독일언어문화학과] 학부/대학원 재학생 ""성희롱 등 예방교육"" 필수 참여",공지,독일언어/문화학과
2013학년도 학과평가 우수상 수상,공지,독일언어/문화학과
조명진 박사님 특강 [독일을 중심으로 한 유럽의 언어와 역사],공지,독일언어/문화학과
공연 단체관람,취업,독일언어/문화학과
제8회 독문번역상,공지,독일언어/문화학과
2014.05 연극배우 우미화 동문 특강,공지,독일언어/문화학과
"김영옥 선생님 특강 [이주 여성, 소수자 문화]",공지,독일언어/문화학과
"2013 평생지도교수제 우수전공상, 우수멘토상 (신 교수님) 수상",공지,독일언어/문화학과
2013 전국대학생 독일문학 UCC 공모전 은상 수상,공지,독일언어/문화학과
5월14일 학생지도의 날 우미화 동문 특강 공지,공지,독일언어/문화학과
14.04.29 찾아가는 워킹홀리데이 설명회 (외교관 참석),공지,독일언어/문화학과
제3회 한독 주니어 포럼 관련 안내,취업,독일언어/문화학과
국제언어교육원 봄 강좌,공지,독일언어/문화학과
CJ 아웃도어 멘토링 - 내:일을 말하다,취업,독일언어/문화학과
제 5기 EU Academy 모집공고,취업,독일언어/문화학과
2014학년도 1학기 계속수학 신청 안내,공지,독일언어/문화학과
대일외고 독일어 회화 강사 초빙공고,취업,독일언어/문화학과
2014년 2월 졸업 예정자 서류 제출 안내,공지,독일언어/문화학과
2014학년도 1학기 학·석사연계과정생 모집,공지,독일언어/문화학과
2013년 2학기 졸업논문 중간발표 목록,공지,독일언어/문화학과
2013-2학기 공모전 장학금 시행 안내,공지,독일언어/문화학과
[대학교육역량강화사업] 재학생 리더십교육프로그램 시행 및 참가자 모집 안내,공지,독일언어/문화학과
2013 동계 숙명 전공별/리더십그룹별 글로벌 탐방 프로그램 신청서,공지,독일언어/문화학과
2013학년도 졸업예정자 계속수학 신청 안내,공지,독일언어/문화학과
제 7회 독문번역상 공지,공지,독일언어/문화학과
2013학년도 2학기 학·석사연계과정생 모집,공지,독일언어/문화학과
2013년도 8월 졸업예정자 논문 지도교수 배정 안내,공지,독일언어/문화학과
밤베르크 하계 어학연수 신청,공지,독일언어/문화학과
일반대학원 석·박사 학위과정 모집 안내,공지,독일언어/문화학과
2013/14년 EU-ICI (유럽 대학 간 학생 교환) 참가대상자 모집 공고,공지,독일언어/문화학과
2012학년도 후기 (2013년 8월) 졸업예정자 졸업 신청 안내,공지,독일언어/문화학과
제6회 독문번역상 작품공지,공지,독일언어/문화학과
11월 8일 전공설명회- 박세경 동문특강자료,공지,독일언어/문화학과
학부 논문작성법 안내,공지,독일언어/문화학과
Bamberg 대학 하계 어학연수 신청 안내,공지,독일언어/문화학과
[2012년 1학기 학과 개설 교과목록],공지,독일언어/문화학과
[알림]채용박람회,취업,독일언어/문화학과
포스코청암재단 - 한국외국어대학교 2012 아시아지역전문가 선발 공고문,취업,독일언어/문화학과
[알림]독일언어문화학과 전공설명회,공지,독일언어/문화학과
옥토버페스트 행사 공지,공지,독일언어/문화학과
[알림]독일영화,공지,독일언어/문화학과
2012 하계파견 글로벌 탐방 및 심화학습 프로그램 참가자 모집,공지,독일언어/문화학과
[모집]독일언어문화학전공 학/석사연계과정지원자 모집,공지,독일언어/문화학과
[수상]교내 튜터링 최우수 그룹시상,취업,독일언어/문화학과
[수상]2011학년도 교직과정이수예정자 선발안내(10학번대상),공지,독일언어/문화학과
[알림] 독일언어문화학과 상받았습니다 ^^,공지,독일언어/문화학과
[알림]제5회 독문 번역상 공모,공지,독일언어/문화학과
밤베르크 여름학기 관련 PDF 자료,공지,독일언어/문화학과
[알림] 우미화동문의 서울연극제 연기상수상,공지,독일언어/문화학과
[알림]네오위즈게임즈_ 글로벌서비스 독일시장 담당자 모집 공고 요,취업,독일언어/문화학과
2011년도 상반기 해외전시회 해외인턴사업 참가자 추가 선발,취업,독일언어/문화학과
장학금 받고 유럽가자! 2011 2학기 파견 EU-ICI 장학생,공지,독일언어/문화학과
[모집] 독일언어문화학전공 취업준비반,공지,독일언어/문화학과
[모집] 독일어 문법반 & 회화반,공지,독일언어/문화학과
[알림]교수님과 함께하는 문화체험단 단원모집,공지,독일언어/문화학과
2010 글로벌 채용 박람회,취업,독일언어/문화학과
[특강] 모차르트의 '마술피리'와 괴테,공지,독일언어/문화학과
2010 - 1독일언어․문화학전공 ZD 동문멘토링 공지,공지,독일언어/문화학과
BUY KOREA 수출상담회 독일어 진행요원모집공고,취업,독일언어/문화학과
겨울방학 치아교정 & 치아미백 특별초대,취업,독일언어/문화학과
동문멘토링,취업,독일언어/문화학과
"무역,물류,유통,회계 미국유급인턴사원모집 공고",취업,독일언어/문화학과
미디어관련 분야 지원자 모집,취업,독일언어/문화학과
Network과 Windows를 잘 하는 IT 전공자를 모집합니다.,취업,독일언어/문화학과
일본 동계리조트호텔 인턴쉽 참가자 모집,취업,독일언어/문화학과
IT관련 전공자 미국유급인턴사원모집 공고,취업,독일언어/문화학과
"주얼리, 그래픽 디자인 미국유급인턴사원모집 공고",취업,독일언어/문화학과
패션디자인 미국유급인턴사원모집 공고,취업,독일언어/문화학과
일본 리조트호텔 인턴십,취업,독일언어/문화학과
"무역,물류,유통,회계 미국유급인턴사원모집 공고",취업,독일언어/문화학과
미국 기업 인턴채용 공고,취업,독일언어/문화학과
(기업체출강)영어로독일어강의가능하신분모집,취업,독일언어/문화학과
2009년 하반기 미국 Paid 인턴교사 지원자 모집,취업,독일언어/문화학과
"영어권국가 초, 중, 고 보조교사(Assistant Teacher)인턴쉽프로그램 안내",취업,독일언어/문화학과
1학년 직무이해 집중 프로그램 참여자 모집,공지,독일언어/문화학과
2009 동계 독일언어문화학 전공 글로벌 탐방학습 프로그램 신청자 모집,공지,독일언어/문화학과
독일 영화 상영!,공지,독일언어/문화학과
외대통역협회 제52회 하계 외국어강좌 안내,취업,독일언어/문화학과
독일어 음성편집 알바 모집,취업,독일언어/문화학과
<고려대>TestDaF 시험강좌 및 접수,공지,독일언어/문화학과
독일 대기업 유급 인턴직원 채용,취업,독일언어/문화학과
2009 통합전문 병원코디네이터과정 개강,취업,독일언어/문화학과
독어독문학전공 전임조교 모집,공지,독일언어/문화학과
독일어학원 독일어 전공자 채용,취업,독일언어/문화학과
연구보조원 구함,취업,독일언어/문화학과
제 2회 독문 번역상 공모,공지,독일언어/문화학과
2008 독일기업취업설명회(GERMAN CAREER DAY 2008),취업,독일언어/문화학과
수시 입학전형일 휴강 공지,공지,독일언어/문화학과
독일어문법 스터디 모집,취업,독일언어/문화학과
2008학년도 겨울계절학기 예비수강신청 실시,공지,독일언어/문화학과
한국독어학회 산하 독어학연구회 특강안내,공지,독일언어/문화학과
2008학년도 2학기 독어독문학전공 개강총회,공지,독일언어/문화학과
숙명여자대학교 IPTV 리포터 모집,취업,독일언어/문화학과
제 1회 서울 독일영화의 밤,공지,독일언어/문화학과
2008 독일문학 콘서트 - 독문과 원어연극,공지,독일언어/문화학과
제 18회 독어독문학과 독일어 연극제,공지,독일언어/문화학과
`동화와 꿈의 세계` 사이버 강의와 관련하여 알려드립니다.,취업,독일언어/문화학과
"신혜양, 최병진 교수님 교육조교 모집 (2명)",공지,독일언어/문화학과
제1회 롯데&베르테르 창작예술제,취업,독일언어/문화학과
2008학년도 2학기 학부/일반대학원 수강신청 일정,공지,독일언어/문화학과
2008학년도 2학기 독어독문학과 학/석사연계과정 지원자 모집,공지,독일언어/문화학과
2008학년도 교직이수자 선발안내,공지,독일언어/문화학과
`세계 빈곤문제 해결` 슬로건 공모전,공지,독일언어/문화학과
2008-1 독어독문학전공 종강총회,공지,독일언어/문화학과
2007 리더시리즈가 발간되었습니다.,공지,독일언어/문화학과
[대학원] 2008학년도 8월 졸업예정자 학위논문 제출 및 작성관련 설명회 개최,공지,독일언어/문화학과
2008 기업탐방단 관련 공지,공지,독일언어/문화학과
독일 인턴쉽 참가안내,취업,독일언어/문화학과
제9회 국제통역사절단선발대회 및 외국어경연대회,공지,독일언어/문화학과
제 2기 중국 무역마케팅 실무전문가 취업연수 안내,취업,독일언어/문화학과
독어독문학전공 2008 기업탐방단 모집,공지,독일언어/문화학과
"2008-1 대학, 대학원 수업평가 시행 안내",공지,독일언어/문화학과
독어독문학전공 2008-1 전공설명회 개최,공지,독일언어/문화학과
제1회 독문 번역상 공모,공지,독일언어/문화학과
미국 하와이 대학교 도서관 파견 인턴생 (DS 2019 발급) 모집 (2018. 2. 22 (목) ~ 28 (수)),취업,문헌정보학과
(재)종로문화재단 2018년 제1차 직원 공개모집 공고 (2018.1. 22 (월) 09:00 ~ 2018.1. 28 (일...,취업,문헌정보학과
경기도 안성시 무기계약근로자(사서정보원) 채용 공고 (2018.1. 30 (화) 09:00 ~ 2018.2. 1 (...,취업,문헌정보학과
(재)영등포문화재단 신규직원 (블라인드)채용 공고(사서2) (2018.1. 16 (화) 09:00 ~ 2018.1....,취업,문헌정보학과
2018년도 제1회 세종특별자치시 지방공무원 경력경쟁 임용시험 계획 공고 (2018.1. 23 (화) 0...,취업,문헌정보학과
2018학년도 학교법인 동광학원 서서울생활과학고등학교 정교사 채용 공고 (2018.1. 25 (금) 1...,취업,문헌정보학과
"서울 중구시설관리공단 2018년도 제1회 일반직(행정, 사서, 기술) 경력경쟁채용 공고 (2018.1...",취업,문헌정보학과
(재)용인문화재단 2018년도 제1회 직원 공개경쟁채용 공고 (2018.1. 18 (목) 09:00 ~ 2018.1....,취업,문헌정보학과
인천광역시 남구 구립도서관 기간제근로자(야간운영 사서) 모집 공고 (2018.1. 15 (월) 09:00...,취업,문헌정보학과
수원과학대학교 도서관 계약직 사서 모집 (2018.1. 10 (수) ~ 2018.1. 17 (수) 16:00) 안내,취업,문헌정보학과
한양대학교 ERICA학술정보관 사서(계약직) 구인 공고 (2018.1. 10 (수) ~ 2018.1. 19 (금) 17...,취업,문헌정보학과
아주대학교 학술정보팀 계약직 모집 (2017.12. 28 (목) ~ 2018.1. 14 (일)/2018.1. 11 (목) ~...,취업,문헌정보학과
강북문화정보도서관 전담사서(계약직) 채용 공고 (2018.1. 9 (화) ~ 2018.1. 22 (월)) 안내,취업,문헌정보학과
서울 용화여자고등학교 사서 기간제교원 초빙 (2018.1. 8 (월) 09:00 ~ 2018.1. 15 (월) 15:0...,공지,문헌정보학과
강남구립 도서관 정규직 사서팀장 모집 (2018.1. 11 (목) ~ 2018.1. 18 (목)) 안내,취업,문헌정보학과
2018-02차 서초문화재단 직원〔사서〕공개경쟁 채용 공고 (2018.1. 10 (수) ~ 2018.1. 17 (수...,취업,문헌정보학과
한국교과서연구재단 계약직 직원채용 공고 (2018.1. 9 (화) ~ 2018.1. 16 (화) 17:00) 안내,취업,문헌정보학과
관악문화관도서관 계약직원 채용공고(순회사서) (2018.1. 8 (월) ~ 2018.1. 11 (목) 17:00) 안내,취업,문헌정보학과
『2018 년 작은도서관 순회사서 지원사업 』 용산꿈나무도서관 순회사서 채용 공고 (2018.1. ...,취업,문헌정보학과
인천서점협동조합 사서 1명 추가 모집 (-1/31) (2018.1. 6 (토) ~ 2018.1. 31 (수)) 안내,취업,문헌정보학과
서울특별시 양천구 지방임기제공무원 채용계획 공고 (2018.1. 15 (월) 09:00 ~ 2018.1. 17 (수...,취업,문헌정보학과
경희대학교 도서관 계약직 사서 1명 모집 (2018.1. 5 (금) ~ 2018.1. 12 (금) 24:00) 안내,취업,문헌정보학과
중랑구시설관리공단 개관시간연장지원사업 계약직(사서) 채용 공고(수정) (2018.1. 3 (수) ~ ...,취업,문헌정보학과
(재)대구광역시 동구문화재단 기간제근로자(순회사서) 채용 공고 (2018.1. 4 (목) ~ 2018.1. ...,취업,문헌정보학과
(재)금천문화재단 기간제근로자 채용 공고 (2018.1. 3 (수) ~ 2018.1. 7 (일)) 안내,취업,문헌정보학과
인천광역시 연수구립공공도서관 순회사서 운영인력 채용 공고 (2018.1. 2 (화) ~ 2018.1. 10 ...,취업,문헌정보학과
인천광역시 연수구 지방시간선택제임기제공무원 마급(사서) 임용시험 공고 (2018.1. 15 (월) ...,공지,문헌정보학과
서울 숙명여자중학교 사서 대체 기간제근로자 채용 (2018.1. 4 (목) 09:00 ~ 2018.1. 9 (화) ...,취업,문헌정보학과
서울 신광초등학교 사서강사 채용 (2018.1. 3 (수) 09:00 ~ 2018.1. 12 (금) 16:00) 안내,취업,문헌정보학과
2018학년도 광성중학교 학교회계직(사서) 채용 공고 (2018.1. 4 (목) 09:00 ~ 2018.1. 11 (목...,취업,문헌정보학과
파주 북센 계약직 MARC 사서분 모집 (2018. 1월 ~ 2018. 2월) 안내,취업,문헌정보학과
강남구립도서관 논현/역삼/행복한 도서관 개관연장사업 계약직 직원 채용 (2018.1. 3 (수) ~ ...,취업,문헌정보학과
2018년 작은도서관 순회사서 지원사업 노원정보도서관 순회사서 채용 공고 (2018.1. 3 (수) ~...,취업,문헌정보학과
연세대학교 학술정보원 과학기술참고자료실 계약직원 모집 (2018.1. 3 (수) ~ 2018.1. 14 (일...,취업,문헌정보학과
연세대학교 학술정보원 학술정보지원팀 계약직원 모집 (2018.1. 3 (수) ~ 2018.1. 10 (수) 17...,취업,문헌정보학과
광진구시설관리공단 사서 직원 공개채용 공고 (2017.12. 29 (금) ~ 2018.1. 8 (월) 18:00) 안내,취업,문헌정보학과
인천 중구 구립 꿈벗도서관 2018년 순회사서 채용 공고 (2018.1. 3 (수) ~ 2018.1. 9 (화)) 안내,취업,문헌정보학과
고려대학교 서울캠퍼스 중앙도서관 학술정보열람부 야간 담당직원 채용 (2018.1. 3 (수) 13:0...,취업,문헌정보학과
중앙일보 자료실 메타데이터 관리 담당자 모집 (2018.1. 3 (수) ~ 2018.1. 5 (금)) 안내,취업,문헌정보학과
아주대학교병원 의학문헌정보운영팀 사서(계약직) 채용 (2017.12. 27 (수) ~ 2018.1. 7 (일) ...,취업,문헌정보학과
서초구립반포도서관 기간제 계약직(작은도서관 순회사서) 1명 모집 (2018.1. 2 (화) ~ 2018.1...,취업,문헌정보학과
[세종] 고려대학교 학술정보원 야간 자체직원(사서) 채용 공고 (2018.1. 3 (수) 09:00 ~ 2018...,취업,문헌정보학과
"길병원 학습정보센터 사서,사무보조 모집 (2018.1. 2 (화) ~ 채용시 마감) 안내",취업,문헌정보학과
수원과학대학교 도서관 계약직 사서 모집 (2018.1. 2 (화) ~ 2018.1. 8 (월) 16:00) 안내,취업,문헌정보학과
(재)대구광역시 동구문화재단 작은도서관 기간제근로자(사서보조) 채용 공고 (2017.12. 28 (목...,취업,문헌정보학과
연세대학교 학술정보원 계약직 사서 모집 (2017.12. 29 (금) ~ 2018.1. 8 (월) 17:00) 안내,취업,문헌정보학과
동대문구정보화도서관 순회사서 지원사업 계약직원 채용 공고 (2017.12. 28 (목) ~ 2018.1. 8...,취업,문헌정보학과
아주대학교 중앙도서관 계약직원 모집 (2017.12. 28 (목) ~ 2018.1. 14 (일)) 안내,취업,문헌정보학과
2018년 1월 노원구 구립도서관 사서직(6급) 직원 채용 공고 (2017.12. 29 (금) ~ 2018.1. 8 (...,취업,문헌정보학과
㈜한국통합기술 직원 채용 공고 (2017.12. 29 (금) ~ 2018.1. 10 (수)) 안내,취업,문헌정보학과
대구광역시 달성군 무기계약근로자 채용계획 재공고 (2018.1. 8 (월) 09:00 ~ 2018.1. 10 (수...,취업,문헌정보학과
서울특별시 양천구 구립도서관 순회사서 채용 공고 (2017.12. 28 (목) 09:00 ~ 2018.1. 8 (월...,취업,문헌정보학과
송파구시설관리공단 기간제 근로자(사서) 모집 공고 (2017.12. 27 (수) ~ 2018.1. 3 (수)) 안내,취업,문헌정보학과
2018년 인천광역시화도진도서관 기간제 근로자 채용 재공고 (2017.12. 27 (수) 09:00 ~ 2018....,취업,문헌정보학과
서울특별시교육청서대문도서관 기간제 근로자 채용공고 (2017.12. 26 (화) ~ 2018.1. 2 (화))...,취업,문헌정보학과
(재)인천광역시부평구문화재단 2017년 제18회 직원채용 공고(재공고) (2017.12. 22 (금) ~ 20...,취업,문헌정보학과
국립중앙도서관 무기계약 근로자(표지ㆍ목차 구축) 모집 공고 (2017.12. 26 (화) ~ 2018.1. 5...,취업,문헌정보학과
국립어린이청소년도서관 무기계약근로자(사서보조원) 채용 공고 (2017.12. 22 (금) ~ 2017.12...,취업,문헌정보학과
2017년 제18회 경기도 임기제공무원 임용시험 공고 (2017.12. 28 (목) 09:00 ~ 2018.1. 2 (화...,공지,문헌정보학과
광주산수초등학교 교육공무직원(사서) 한시적 채용 공고 (2017.12. 21 (목) ~ 2017.12. 28 (목...,취업,문헌정보학과
구립은평뉴타운도서관 계약직 직원 채용 공고 (2017.12. 23 (토) ~ 2017.12. 27 (수) 14:00) ...,취업,문헌정보학과
영등포문화재단「2018년 공공도서관 개관시간 연장사업」지원인력 모집공고 (2017.12. 22 (금...,취업,문헌정보학과
백석대학교 도서관 계약직원 사서 1명 모집 (2017.12. 22 (금) ~ 채용시 까지) 안내,취업,문헌정보학과
국립세종도서관 무기계약근로자(사서보조원) 채용 공고 (2017.12. 22 (월) ~ 2017.12. 28 (목...,취업,문헌정보학과
2018년 인천광역시화도진도서관 주말 자료실 운영인력 채용 재공고 (2017.12. 21 (목) 09:00 ...,취업,문헌정보학과
광주 본촌초등학교 기간제교사(사서교사) 채용 공고 (2017.12. 20 (수) ~ 2017.12. 26 (화) 1...,취업,문헌정보학과
제천 기적의도서관 신입사서 채용(증원) 공고 (2017.12. 21 (목) ~ 2017.12. 27 (수)) 안내,취업,문헌정보학과
인천 영종도서관 2018년 기간제근로자(육아휴직 대체인력) 채용 공고 (2017.12. 21 (목) ~ 20...,취업,문헌정보학과
건양대학교 도서관 사서직(계약직) 모집 (2017.12. 20 (수) ~ 2017.12. 29 (수) 17:00) 안내,취업,문헌정보학과
고려대학교 서울캠퍼스 중앙도서관 학술정보열람부 주간 계약직원 모집 (2017.12. 20 (수) ~ ...,취업,문헌정보학과
홍익대학교 세종캠퍼스 문정도서관 사서조교 모집 (2017.12. 20 (수) ~ 2017.12. 29 (화) 15:...,취업,문헌정보학과
2017년 제 9 회 (재)화성시문화재단 직원 채용 공고 (2017.12. 26 (화) 09:00 ~ 2018.1. 2 (화...,취업,문헌정보학과
2017년 제2회 인천광역시도서관발전진흥원 직원 채용 공고 (2018.1. 8 (월) 09:00 ~ 2018.1. ...,취업,문헌정보학과
인천광역시 계양구 구립도서관 기간제근로자 채용공고 (2017.12. 18 (월) ~ 2017.12. 26 (화)...,취업,문헌정보학과
강서구립 곰달래도서관 개관시간 연장사업 사서 채용공고 (2017.12. 19 (화) 09:00 ~ 2017.12...,취업,문헌정보학과
(주)한국문헌정보 직원 채용 공고 (2017.12. 12. 19 (화) ~ 채용시까지) 안내,취업,문헌정보학과
한국부동산연구원 관리직 직원 채용 공고 (2017.12. 18 (월) ~ 2017.12. 21 (목) 13:00) 안내,취업,문헌정보학과
동국대학교 경주캠퍼스 한시계약직(도서관 사서직) 채용 연장공고 (2017.12. 11 (월) ~ 2017....,취업,문헌정보학과
강남구립 논현/역삼/행복한도서관 개관연장사업 계약직 직원 채용(2017.12. 18 (금) ~ 2017.1...,취업,문헌정보학과
강서구립 가양도서관 직원 채용공고 (2017.12. 15 (금) ~ 2017.12. 20 (수) 18:00) 안내,취업,문헌정보학과
동대문구답십리도서관 개관연장 사서직 채용공고 (2017.12. 13 (월) ~ 2017.12. 19 (화)) 안내,취업,문헌정보학과
구립증산정보도서관 개관연장 사서직 채용공고 (2017.12. 15 (금) ~ 2017.12. 25 (월) 16:00)...,취업,문헌정보학과
인천 연수청학도서관 야간연장개관 운영인력 채용 공고 (2017.12. 13 (수) ~ 2017.12. 20 (수...,취업,문헌정보학과
인천 해돋이도서관 야간연장운영인력 채용 공고 (2017.12. 13 (수) ~ 2017.12. 20 (수)) 안내,취업,문헌정보학과
마포중앙도서관 개관시간 연장사업 전담인력 추가 채용 공고 (2017.12. 27 (수) 09:00 ~ 2018...,취업,문헌정보학과
GS건설 사서직 채용(일반계약직(촉탁)) (2017.12. 15 (금) 18:00 ~ 2017.12. 24 (일) 23:00) ...,취업,문헌정보학과
파주시 민간위탁도서관(가람도서관) 사서 채용 공고 (2017.12. 15 (금) ~ 2017.12. 21 (목) 1...,취업,문헌정보학과
국립중앙도서관 정보광장 서비스 보조인력 채용 공고 [디지털정보이용과] (2017.12. 15 (금) ...,취업,문헌정보학과
(재)대구광역시 동구문화재단 안심도서관 기간제근로자(사서보조) 채용 (2017.12. 14 (목) ~ ...,취업,문헌정보학과
2018년 세종특별자치시 공공도서관 개관시간 연장 기간제 직원(사서) 모집 공고 (2017.12. 13...,취업,문헌정보학과
서울 양천도서관 주말근무 일용직 채용 공고 (2017.12. 13 (수) ~ 2017.12. 20 (수) 24:00) 안내,취업,문헌정보학과
2018년 인천광역시계양도서관 기간제근로자 채용 공고 (2017.12. 16 (토) ~ 2017.12. 20 (수)...,취업,문헌정보학과
국립중앙도서관 단시간 근로자(자료운영과) 채용 공고 (2017.12. 15 (금) ~ 2017.12. 28 (목)...,취업,문헌정보학과
부천시립도서관 기간제근로자 채용 공고 (2017.12. 14 (목) 09:00 ~ 2017.12. 21 (목) 18:00)...,취업,문헌정보학과
인천남구 구립도서관 야간운영 사서 모집 공고 (2017.12. 18 (월) 09:00 ~ 2017.12. 19 (화) ...,취업,문헌정보학과
대구 고산도서관 기간제근로자 채용 공고 (2017.12. 14 (목) 09:00 ~ 2017.12. 20 (수) 18:00...,취업,문헌정보학과
인천 영종도서관 2018년 기간제근로자(육아휴직 대체인력) 채용공고 (2017.12. 12 (화) ~ 201...,취업,문헌정보학과
인천광역시서구시설관리공단 검암도서관 기간제근로자 채용 공고 (2017.12. 13 (수) 09:00 ~ ...,취업,문헌정보학과
강서구립푸른들청소년도서관 개관연장 계약직사서 채용공고 (2017.12. 18 (월) 09:00 ~ 2017....,취업,문헌정보학과
응암정보도서관 개관시간연장사업 계약직 채용 공고 (2017.12. 13 (수) ~ 채용시) 안내,취업,문헌정보학과
송파구시설관리공단 기간제 근로자(사서) 모집 공고 (2017.12. 12 (화) ~ 2017.12. 20 (수)) ...,취업,문헌정보학과
인천광역시연수도서관 기간제근로자 채용 공고 (2017.12. 12 (화) 09:00 ~ 2017.12. 19 (화) ...,취업,문헌정보학과
2018년 부산진구어린이청소년도서관 기간제 및 단시간 근로자 채용 공고 (2017.12. 12 (화) ~...,취업,문헌정보학과
인천광역시서구시설관리공단 구립도서관 상호대차서비스 기간제근로자 채용 공고 (2017.12. 1...,취업,문헌정보학과
인천 율목도서관 2018년 개관시간 연장사업 기간제근로자 채용 공고 (2017.12. 12 (화) ~ 201...,취업,문헌정보학과
인천광역시서구시설관리공단 구립도서관 기간제근로자 채용 공고 (2017.12. 1 (금) ~ 2017.12...,취업,문헌정보학과
2017. 창원토월고등학교 대체인력(전담사서) 채용 공고 (2017.12. 11 (월) 08:30 ~ 2017.12. ...,취업,문헌정보학과
서울특별시 노원구(도서관 사서분야) 지방시간선택제 임기제공무원 채용 공고 (2017.12. 8 (금...,취업,문헌정보학과
은평구립도서관 직원모집공고(계약직) (2017.12. 13 (수) ~ 2017.12. 19 (화) 16:00) 안내,취업,문헌정보학과
2017년 부천시 해밀도서관 직원채용 공고 (2017.12. 12 (화) ~ 2017.12. 26 (화)) 안내,취업,문헌정보학과
(재)도봉문화재단 구립도서관 직원 채용 공고 (2017.12. 12 (화) 09:00 ~ 2017.12. 18 (월) 1...,취업,문헌정보학과
관악문화관도서관 직원 공개경쟁채용 공고 (2017.12. 15 (금) ~ 2017.12. 20 (수) 17:00) 안내,취업,문헌정보학과
지식정보 정사서 2명(*경력자) 모집 (-채용시까지) 안내,취업,문헌정보학과
동작구시설관리공단 전문직(교사 및 사서) 8급 직원 채용 공고 (2017.12 (화) ~ 2018.1. 1 (월...,취업,문헌정보학과
파주 북센 계약직 MARC 사서분 모집 (2017.12월 중) 안내,취업,문헌정보학과
(재) 새마을문고관악구지부 자치회관 사서 3명 모집 (2017.12. 11 (월) ~ 2017.12. 18 (월) 1...,취업,문헌정보학과
마포구립서강도서관 연장개방 계약직원 채용 공고 (2017.12. 11 (월) ~ 2017.12. 20 (수) 18:...,취업,문헌정보학과
2018년 송림도서관 기간제근로자 채용공고 (2017.12. 13 (수) 09:00 ~ 2017.12. 20 (수) 18:0...,취업,문헌정보학과
울산중부도서관 주말사무보조원(단시간근로자) 채용 공고 (2017.12. 13 (수) ~ 2017.12. 19 (...,취업,문헌정보학과
구로문화원 계약직원 채용 공고 (2017.12. 11 (월) ~ 2017.12. 18 (월) 18:00) 안내,취업,문헌정보학과
서울특별시 양천구 기간제근로자(도서관사서) 채용 공고 (2017.12. 14 (목) 09:00 ~ 2017.12....,취업,문헌정보학과
강동구도시관리공단 도서관사업부 현업직 근로자 채용 공고 (2017.12. 7 (목) ~ 2017.12. 13 ...,취업,문헌정보학과
동대문구정보화도서관 개관시간연장사업 계약직원 채용 공고문 (2017.12. 11 (월) ~ 2017.12....,취업,문헌정보학과
고려대학교 중앙도서관 학술연구지원부 계약직원 모집 (2017.12. 8 (금) ~ 2017.12. 17 (일) ...,취업,문헌정보학과
2017년도 한국과학창의재단 직원 채용 공고 (2017.12. 4 (월) ~ 2017.12. 19 (화) 18:00) 안내,취업,문헌정보학과
경성대학교 사서 직원 채용 공고 (2017.12. 7 (목) ~ 2017.12. 14 (목) 17:00) 안내,취업,문헌정보학과
한국영상자료원 계약직 직원 채용 공고 (2017.12. 8 (금) ~ 2017.12. 22 (금) 17:00) 안내,취업,문헌정보학과
2018년 부산 금정구 미리내․유니세프 작은도서관 사서(기간제근로자) 채용 공고 (2017....,취업,문헌정보학과
구립은평뉴타운도서관 직원 채용 공고 (2017.12. 8 (금) ~ 2017.12. 19 (화) 16:00) 안내,취업,문헌정보학과
경남 월산중학교 학교도서관 전담사서 대체인력 채용 공고 (2017.12. 12 (화) 09:00 ~ 2017.1...,취업,문헌정보학과
2018년 분당서현청소년수련관 도서관 기간제근로자 모집 공고 (2017.12. 5 (화) ~ 2017.12. 1...,취업,문헌정보학과
서울신용산초등학교 교육공무직(사서실무사) 대체인력 채용 공고 (2017.12. 6 (수) ~ 2017.12...,취업,문헌정보학과
연합뉴스TV 영상뉴스부 메타데이터 업무 모집 (2017.12. 7 (목) ~ 2017.12. 13 (수)) 안내,취업,문헌정보학과
인천광역시 영종도서관 2018년 개관시간 연장사업 기간제근로자 채용공고 (2017.12. 7 (목) ~...,취업,문헌정보학과
2018년 전자부품연구원 1월 비상근전문계약직 채용공고 (2017.12. 6 (수) ~ 2017.12. 12 (화)...,취업,문헌정보학과
강서구립 길꽃어린이도서관 개관연장직 사서 채용 공고 (2017.12. 6 (수) ~ 2017.12. 12 (화)...,취업,문헌정보학과
2018년도 공주시 시립도서관 기간제근로자 채용시험 시행계획 공고 (2017.12. 13 (수) 09:00 ...,취업,문헌정보학과
2018 인천광역시 서구도서관 개관시간 연장사업 운영인력 채용 공고 (2017.12. 6 (수) 09:00 ...,취업,문헌정보학과
도봉문화정보도서관 기간제계약직 채용공고 (2017.12. 5 (화) ~ 2017.12. 10 (일)) 안내,취업,문헌정보학과
인천광역시 부평도서관 개관시간 연장 사업 운영인력 채용 공고 (2017.12. 6 (수) ~ 2017.12....,취업,문헌정보학과
광진구립도서관 개관시간 연장사업 야간근무 직원모집 (2017.12. 11 (월) ~ 2017.12. 20 (수)...,취업,문헌정보학과
2018년 부산광역시 지역대표도서관 기간제근로자 채용 공고 (2017.12. 5 (화) 09:00 ~ 2017.1...,취업,문헌정보학과
구수산도서관 개관시간 연장지원사업 기간제근로자 채용 공고 (2017.12. 13 (수) 09:00 ~ 201...,취업,문헌정보학과
인천북구도서관 2018년 도서관야간연장 운영인력 및 자료실 주말 근무자 채용 공고 (2017.12....,취업,문헌정보학과
건양대학교 도서관 사서직(계약직) 모집 (2017.12. 04 (월) ~ 2017.12. 12 (화) 17:00) 안내,취업,문헌정보학과
법원행정처 사서서기보 (9급) 경력경쟁채용시험 시행계획 공고 (2017.12. 20 (수) 09:00 ~ 20...,취업,문헌정보학과
안성시 작은도서관 민간위탁 운영 희망자 모집 공고 (2017.12. 12 (화) 09:00 ~ 2017.12. 14 ...,취업,문헌정보학과
고려대학교(세종) 학술정보원 야간 자체직원(사서) 채용 공고 (2017.12. 4 (월) 09:00 ~ 2017...,취업,문헌정보학과
새마을문고관악구지부 자치회관 사서 3명 모집 (2017.12. 1 (금) ~ 2017.12. 8 (금)) 안내,취업,문헌정보학과
(재)인천광역시부평구문화재단 2017년 제16회 직원채용 공고 (2017.11. 30 (목) ~ 2017.12. 1...,취업,문헌정보학과
(재)금천문화재단 직원채용 공개모집 및 기간제근로자 채용 공고 (2017.12. 1 (금) ~ 2017.12...,취업,문헌정보학과
전주 옹달샘작은도서관 사서 1명 모집 (2017.12. 4 (월) ~ 2017.12. 7 (목)) 안내,취업,문헌정보학과
2018년 수봉도서관 기간제근로자(개관시간 연장사업) 채용 공고 (2017.12. 1 (금) ~ 2017.12....,취업,문헌정보학과
경희대학교 도서관 계약직 사서 2명(중앙/법학) 모집 (2017.12. 1 (금) ~ 2017.12. 7 (목) 24...,취업,문헌정보학과
연세대학교 학술정보원 계약직 사서 모집 (2017.11. 30 (목) ~ 2017.12. 17 (일)) 안내,취업,문헌정보학과
2018년도 은평구립 구산동도서관마을 계약직 채용 공고 (2017.11. 30 (목) ~ 2017.12. 13 (수...,취업,문헌정보학과
교보문고 eBook사업팀 MARC지원 인력(계약직) 1명 모집 ( ~ 채용시 까지) 안내,취업,문헌정보학과
이화여자대학교 도서관 계약직 사서 모집 (2017.11. 29 (수) ~ 2017.12. 3 (일)) 안내,취업,문헌정보학과
건양대학교 도서관 계약직원 모집 공고 (2017.11. 29 (수) ~ 2017.12. 8 (금)) 안내,취업,문헌정보학과
2017년도 아시아문화원 제2차 직원(계약직) 공개채용 (2017.12. 1 (금) ~ 2017.12. 15 (금) 1...,취업,문헌정보학과
용문상담심리대학원대학교 도서관 사서 채용 공고 (2017.11. 27 (월) ~ 2017.12. 8 (금) 17:0...,취업,문헌정보학과
꿈꾸는새싹작은도서관 사서 채용 공고 (2017.11. 27 (월) ~ 2017.12. 7 (목) 18:00) 안내,취업,문헌정보학과
효성기술원 육아휴직 대체 기간제 사서 모집 (2017.11. 24 (금) ~ 2017.11. 30 (목) 24:00) 안내,취업,문헌정보학과
축석초등학교 교육공무직원(사서) 대체인력 채용 공고 (2017.11. 24 (금) 11:00 ~ 2017.12. 1...,취업,문헌정보학과
동국대학교 경주캠퍼스 한시계약직(도서관 사서직) 채용 공고 (2017.11. 23 (목) ~ 2017.11. ...,취업,문헌정보학과
2018년 포항시립도서관 기간제 근로자 채용 공고 (2017.11. 29 (수) 09:00 ~ 2017.12. 6 (수)...,취업,문헌정보학과
국립해양박물관 신규직원 (사서원) 채용 공고 (2017.11. 22 (수) ~ 2017.11. 28 (화) 18:00) ...,취업,문헌정보학과
2017년 제2회 이천시 무기계약근로자 채용시험 변경 공고 안내 (2017.11. 28 (화) 09:00 ~ 20...,공지,문헌정보학과
남목초-지방공무원(사서) 결원에 따른 행정보조인력 채용 공고 (2017.11. 22 (수) ~ 2017.11....,취업,문헌정보학과
행정안전부 국립재난안전연구원 2017년 제3회 경력경쟁채용(한시임기제 공무원) 공고 (2017.1...,취업,문헌정보학과
국립중앙도서관 일반임기제 7호 채용 공고 (2017.11. 29 (수) 09:00 ~ 2017.12. 1 (금) 18:00...,취업,문헌정보학과
전주 책마루 어린이 도서관 (계약직 ) 사서 채용 공고 (2017.11. 7 (화) ~ 2017.11. 28 (화) ...,취업,문헌정보학과
사당솔밭도서관 기간제계약직(휴직자 대체인력) 사서 직원 채용 공고 (2017.11. 17 (금) ~ 20...,취업,문헌정보학과
을지대학교 을지병원 채용공고 (2017.11. 20 (월) ~ 2017.12. 1 (금) 15:00) 안내,취업,문헌정보학과
연세대학교 국제캠퍼스 야간전담직원 모집 (2017.11. 17 (금) ~ 2017.11. 22 (수) 17:00) 안내,취업,문헌정보학과
성동문화재단 사서 직원 채용 공고 (2017.11. 15 (수) ~ 2017.11. 24 (목) 18:00) 안내,취업,문헌정보학과
송파구시설관리공단 청년 및 결원직원 공개경쟁 채용 공고 (2017.11. 10 (금) ~ 2017.11. 16 ...,취업,문헌정보학과
부산광역시립사하도서관 연장실무원 채용 공고 (2017.11. 9 (목) ~ 2017.11. 15 (수) 18:00) ...,취업,문헌정보학과
건국대학교 글로컬캠퍼스 중원도서관 계약직원 채용공고 (2017.11. 13 (월) ~ 2017.11. 17 (금...,취업,문헌정보학과
제천 대원대학교 도서관 조교 모집 (~ 채용시 까지) 안내,취업,문헌정보학과
2017년 기록관리 대학원생 및 교육원생 공개강좌 안내,취업,문헌정보학과
송림도서관 기간제근로자 채용 공고 (2017.11. 13 (월) ~ 2017.11. 20 (월) 17:00) 안내,취업,문헌정보학과
동국대학교 중앙도서관 학술정보서비스팀 채용 공고 (2017.11. 8 (수) ~ 2017.11. 17(금) 17:...,취업,문헌정보학과
가락몰도서관 계약직 사서 채용 공고 (2017.11. 9 (목) ~ 2017.11. 14 (화) 17:00) 안내,취업,문헌정보학과
서울삼양초등학교 교육공무직원(사서실무사) 대체 채용 공고 (2017.11. 8 (수) ~ 2017.11. 13...,취업,문헌정보학과
강서구립 가양도서관 개관연장 계약직 사서 채용공고 (2017.11. 9 (목) ~ 2017.11. 14 (화) 1...,취업,문헌정보학과
소나무언덕2호 작은도서관 개관시간 연장지원사업(기간제) 계약직 채용 공고 (2017.11. 9 (목...,취업,문헌정보학과
㈜한화 종합연구소 사서직 채용 공고 (2017.11. 1 (수) ~ 2017.11. 9 (목) 12:00) 안내,취업,문헌정보학과
문화체육관광부 고위공무원단 공모직위 공개모집 (2017.11. 8 (수) ~ 2017.11. 14 (화)) 안내,공지,문헌정보학과
2017학년도 용성초 사서(대체인력) 채용 공고 (2017.11. 6 (월) ~ 2017.11. 10 (금) 16:00) 안내,취업,문헌정보학과
2017년도 제9회 아산시 지방임기제공무원 임용시험 시행계획 공고 (2017.11. 20 (월) ~ 2017....,공지,문헌정보학과
인하대학교 조교/사무보조원 채용 공고 (상시) 안내,취업,문헌정보학과
상록중학교 교육공무직원(사서 대체근로자) 채용 공고 (2017.11. 2 (목) ~ 2017.11. 9 (목) 1...,취업,문헌정보학과
헌법재판소 공무원 채용시험 공고 (2017.11. 3 (금) ~ 2017.11. 13 (월) 18:00) 안내,취업,문헌정보학과
"Makerspace ART-TECH Workshop: Making Zines and Accompanying Merchandise (11월 8-9일, 수...",취업,문헌정보학과
사당솔밭도서관 기간제계약직 전담사서 직원 채용 공고 (2017.11. 6 (목) ~ 2017.11. 15 (수)...,취업,문헌정보학과
"한신대학교 계약직 채용공고(기록물관리, 사서) (2017.11. 1 (수) ~ 2017.11. 10 (금) 13:30)...",취업,문헌정보학과
한양여자대학교 도서관 계약직 사서 모집 (2017.11. 2 (목) ~ 2017.11. 13 (월)) 안내,취업,문헌정보학과
대전대학교 도서관 사서 계약직원 모집 공고 (~채용시) 안내,취업,문헌정보학과
2017년 고운동 도서관 개관시간연장 기간제 직원 모집 공고 (2017.11. 1 (수) ~ 2017.11. 7 (...,취업,문헌정보학과
2017년 도담동 도서관 개관시간연장 기간제 직원 모집 공고 (2017.11. 1 (수) ~ 2017.11. 7 ...,취업,문헌정보학과
인천광역시 연수구 지방시간선택제임기제공무원 마급(사서) 임용시험 재공고 (2017.11. 13 (월...,공지,문헌정보학과
연수구립공공도서관 기간제근로자 채용 계획 공고 (2017.11. 1 (수) ~ 2017.11. 14 (화)) 안내,취업,문헌정보학과
전주 책마루 어린이 도서관 (계약직) 사서 채용 공고 (2017.11. 7 (화) ~ 2017.11. 19 (일)) ...,취업,문헌정보학과
올림픽공원(서울 송파)내 지샘터도서관 관리운영 채용공고 (2017.10. 31 (화) ~ 2017.11. 6 (...,취업,문헌정보학과
서울대학교 직원채용 공고 (2017.11. 6 (월) ~ 2017.11. 20 (월)) 안내,취업,문헌정보학과
청라국제도서관 기간제 근로자(야간) 채용 공고 (2017.10. 26 (목) ~ 2017.11. 5 (일) 18:00)...,취업,문헌정보학과
학마을도서관 기간제 근로자 채용공고 (2017.10. 30 (월) 09:00 ~ 2017.11. 8 (수) 18:00) 안내,취업,문헌정보학과
송파구립 소나무언덕 4 호작은도서관 계약직 사서 모집 (2017.10. 27 (금) ~ 2017.11. 10 (금...,취업,문헌정보학과
강서구립 곰달래도서관 직원 채용공고 (2017.10. 25 (수) 09:00 ~ 2017.10. 31 (화) 18:00) 안내,취업,문헌정보학과
은평구립도서관 직원모집 공고 (2017.10. 27 (금) ~ 2017.10. 31 (화) 16:00) 안내,취업,문헌정보학과
동대문구시설관리공단 직원모집 공고 (2017.10. 30 (월) 09:00 ~ 2017.11. 5 (일) 18:00) 안내,취업,문헌정보학과
2017년 제8회 (재)화성시문화재단 직원 채용 공고 (2017.10. 30 (월) 09:00 ~ 2017.11. 3 (금...,취업,문헌정보학과
2017년 제3회 부천시 협력기관 직원 통합채용시험 계획 공고 (2017.11. 1 (수) 09:00 ~ 2017...,취업,문헌정보학과
2017 캡스톤 디자인(CAPSTONE DESIGN) 경진대회 개요,공지,문헌정보학과
선문대학교 계약직원(사서) 채용 공고 (2017.10. 24 (화) ~ 2017.10. 31 (화) 23:00) 안내,취업,문헌정보학과
한신대학교 장공도서관 계약직 사서 모집 (2017.10. 24 (화) ~ 2017.10. 27 (금) 13:00) 안내,취업,문헌정보학과
강서구립 푸른들청소년도서관 순회사서 모집 (2017.10. 24 (화) ~ 2017.10. 29 (일)) 안내,취업,문헌정보학과
2017년 10월 노원구 구립도서관 사서직6급 채용 공고 (2017.10. 24 (화) ~ 2017.11. 3 (금)) ...,취업,문헌정보학과
2017년도 제8회 포항시 지방사서7급(일반임기제) 임용시험 시행계획 공고 (2017.10. 23 (월) ...,공지,문헌정보학과
대구광역시 남구청 공공도서관 사서 (공무원) 채용시험 공고 (2017.11. 6 (월) 9:00 ~ 2017....,취업,문헌정보학과
을지대학교 대전캠퍼스 학술정보원 조교(사서) 모집 (2017.10. 23 (월) ~ 2017.11. 3 (금)) 안내,취업,문헌정보학과
2017년 천안여자중학교 기간제(사서) 채용 공고 (2017.10. 20 (금) ~ 2017.10. 27 (금) 16:00...,취업,문헌정보학과
청대초등학교 기간제교원 (사서교사) 채용 공고 (2017.10. 20 (금) ~ 2017.10. 26 (목) 12:00...,취업,문헌정보학과
국민대학교 사서 계약직원 모집 공고 (2017.10. 19 (목) ~ 2017.10. 31 (화) 16:00) 안내,취업,문헌정보학과
경상대학교 국가공무원 경력경쟁채용시험 공고 (2017.10. 23 (월) ~ 2017.10. 30 (월)) 안내,취업,문헌정보학과
2017년도 전주청소년문화의집 직원채용 모집공고 (2017.10. 14 (토) ~ 2017.10. 27 (금) 18:0...,취업,문헌정보학과
내수초등학교 사서(대체인력) 공고 (2017.10. 19 (목) ~ 2017.10. 23 (월) 16:00) 안내,취업,문헌정보학과
SK경영경제연구소(수송동 수송스퀘어) 사서 모집 (2017.10. 18 (수) ~ 2017.10. 23 (월) 00:0...,취업,문헌정보학과
불광천작은도서관 계약직 채용 공고 (~ 채용시까지) 안내,취업,문헌정보학과
마포중앙도서관 개관시간 연장 전담인력 채용 공고 (2017.10. 26 (목) ~ 2017.10. 30 (월) 18...,취업,문헌정보학과
대전보건대학교 학술정보관 사서 계약직원 공개 채용공고 (2017.10. 16 (월) ~ 2017.10. 25 (...,취업,문헌정보학과
서원대학교 사서 계약직원 신규채용 공고 (2017.10. 18 (수) ~ 2017.10. 27 (금) 18:00) 안내,취업,문헌정보학과
"의왕시 글로벌 도서관 주말정리원 (토,일) 모집 (~ 채용시까지) 안내",취업,문헌정보학과
(재)도봉문화재단 구립도서관 관장·팀장·사서 등 직원 채용 공고 (2017.10. 23 (월) 09:00 ...,취업,문헌정보학과
서구문화센터 도서관 사서 모집 (2017.10. 11 (수) ~ 2017.10. 20 (금) 18:00) 안내,취업,문헌정보학과
주식회사 한결문고 정규직(신입/경력) 사서 모집 (~ 2017년 10월 채용시) 안내,취업,문헌정보학과
전주대학교 신입(정규직) 사서 채용공고 (2017.10. 17 (화) ~ 2017.10. 23 (월) 18:00) 안내,취업,문헌정보학과
인천광역시부평구문화재단 부개어린이도서관 직원채용 공고 모집 (2017.10. 16 (월) ~ 2017.1...,취업,문헌정보학과
고려대학교 도서관 야간 담당직원 모집 (2017.10. 17 (화) ~ 2017.10. 25 (수)) 안내,취업,문헌정보학과
의왕시 내손도서관 사서원(주말／계약직) 모집 (~ 채용시까지) 안내,취업,문헌정보학과
한양대학교 백남학술정보관 사서 (계약직) 채용 공고 (2017.10. 17 (화) ~ 2017.10. 20 (금))...,취업,문헌정보학과
국립산림과학원 기간제근로자 채용 공고 (2017.10. 17 (화) ~ 2017.10. 30 (월)) 안내,취업,문헌정보학과
서울영문초 교육공무직원(사서실무사) 대체인력 채용공고 (2017.10. 17 (화) ~ 2017.10. 19 (...,취업,문헌정보학과
동대문구답십리도서관 개관시간 연장사업 계약직원 채용 공고 (2017.10. 17 (화) ~ 2017.10. ...,취업,문헌정보학과
가평초 계약제 교원 채용공고 (2017.10. 17 (화) ~ 2017.10. 19 (목)) 안내,취업,문헌정보학과
KBS 아카이브사업부 메타데이터 입력 직원 모집공고 (~ 2017.10. 30 (월)) 안내,취업,문헌정보학과
"서초문화재단 직원(정규직,기간제) 채용 공고 (2017.10. 12 (목) ~ 2017.10.23 (월)) 안내",취업,문헌정보학과
호서대학교 천안도서관 사서 모집공고 (~ 2017.10. 25 (금)) 안내,취업,문헌정보학과
성균관대학교 교직원(정규직) 신규 및 경력직 채용 공고 ( 2017. 10. 12 (목) 10:00 ~ 2017.1...,취업,문헌정보학과
동작구시설관리공단 정규직 사서 신입사원 채용공고 (2017.10.11 (수) ~ 2017.10.21 (토)) 안내,취업,문헌정보학과
행복북구문화재단 직원채용 공고 (2017. 10. 12.(목) ~ 2017. 10. 26.(목) 18:00) 안내,취업,문헌정보학과
인천포스코고등학교 사서 채용공고 (2017. 10. 10. (화) ~ 2017. 10. 17 (화) 16:00) 안내,취업,문헌정보학과
이화여자대학교 도서관 계약직 사서 모집 공고 (~2017. 10. 15 (월)) 안내,취업,문헌정보학과
강서구립 등빛도서관 직원 채용공고 (2017. 10. 10 (화) ~ 2017. 10. 16 (월)) 안내,취업,문헌정보학과
성북문화재단 직원 채용 공고 (2017.10.10.(화) 09:00 ~ 2017.10.16.(월) 18:00) 안내,취업,문헌정보학과
동대문구정보화도서관 개관시간연장사업 계약직원 채용 공고 (2017.9.29 (금) ~ 2017.10.5 (목...,취업,문헌정보학과
고려대학교 세종캠퍼스 학술정보원 주간 자체직원 (사서) 채용 공고 (2017 .10 .2 (월) ~ 201...,취업,문헌정보학과
서대문구립도서관 육아휴직 대체 사서 직원 공개 모집 공고 (2017. 9. 30.(토)~10. 16.(월) 1...,취업,문헌정보학과
경희대학교 중앙도서관 계약직원 모집공고 (2017.09.29.(금) ~ 2017.10.12.(목) 24:00 ) 안내,취업,문헌정보학과
부산 센텀중학교 기간제 사서교사 채용 (2017. 9.26. (화) ~ 2017. 10.11 (수) 15:00) 안내,취업,문헌정보학과
용산구시설관리공단 직원채용(사서포함) 공고 (2017. 10. 11 (수) ~ 2017. 10. 17 (월) 10:00...,취업,문헌정보학과
2017년도 제2차 한국원자력통제기술원 직원채용 공고 (2017.09.22.(금) ~ 2017.10.20.(금) 1...,취업,문헌정보학과
홍익대학교 세종캠퍼스 모집공고 (2017. 9. 7. (목) ~ 2017. 10. 13. (금)15:00) 안내,취업,문헌정보학과
성진초등학교 교육공무직원 사서실무사 한시적 채용 공고 (2017.09.26.(화) ~ 2017.09.28.(목...,취업,문헌정보학과
단국대학교 계약직 채용공고 (2017.09.22 (금) ~ 2017.09.26 (화)) 안내,취업,문헌정보학과
제54회 전국도서관대회 자원봉사자 모집 재공고 (~9/28(목)까지 연장),취업,문헌정보학과
대한출판문화협회 채용공고 (2017. 9. 21.(목) ~ 2017.9.28 .(목) 18:00) 안내,취업,문헌정보학과
관악문화관도서관 직원 공개경쟁채용 공고 (2017. 9. 25.(월) ~ 2017.9. 29.(금) 12:00) 안내,취업,문헌정보학과
제9회 전국기록인대회 발표 제안 및 공모 안내,공지,문헌정보학과
세화고등학교 사서 기간제교사 채용공고 (2017.9.20.(수) 10:00 ~ 2017.9.22.(금) 16:00) 안내,취업,문헌정보학과
서울신학대학교 정규직원(사서 포함) 채용공고 (2017. 10. 12.(목) ~ 2017. 10. 18.(수)) 안내,취업,문헌정보학과
인천광역시 영종도서관 기간제근로자 채용공고 (2017. 9. 19. (화) ~ 2017. 9. 25. (월)) 안내...,취업,문헌정보학과
전주대학교 정규직원(사서직 포함) 채용 공고 (2017.10.10.(화) 09:00 ~ 10.16.(월) 18:00)안내,취업,문헌정보학과
가톨릭상지대학교 도서관 사서 채용공고 (~ 2017.09.24 (일) 18:00) 안내,취업,문헌정보학과
낙동고등학교 기간제교사 채용 계획 공고 (2017.9.18.(월) 09:00 ~ 2017.9.21.(목) 13:00) 안내,취업,문헌정보학과
아시아문화원 2017년도 계약직 직원(사서 포함) 공개채용 (2017. 9. 15 (금) ~ 2017. 9. 22 (...,취업,문헌정보학과
은평구립도서관 사서 채용 공고(2017. 9. 13 (수) ~ 2017. 9. 19 (화) 17:00) 안내,취업,문헌정보학과
경기도 행정도서관 육아휴직 대체인력(기간제근로자) 채용 공고(2017. 9. 11.(월) 09:00 ~ 20...,취업,문헌정보학과
인천광역시 영종도서관 기간제근로자 채용공고 (2017. 9. 12.(화) ~ 2017. 9. 18 (월)) 안내,취업,문헌정보학과
노원구 구립도서관 육아휴직대체 사서 채용공고 (2017. 9. 13.(수) ~ 2017. 9. 20.(수) 12:0...,취업,문헌정보학과
"구립은평뉴타운도서관 직원(사서 4급, 일반직 5급) 채용 공고 (2017.9.12 (화) ~ 2017.9.18 ...",취업,문헌정보학과
독립기념관 신규직원 공개채용 모집공고 (2017.9.5 (화) ~ 2017.9.18 (월) 17:00) 안내,취업,문헌정보학과
남동구립도서관 공무직근로자(사서) 공개 채용 공고(2017. 09. 26.(화) ~ 2017. 09. 27.(수)...,취업,문헌정보학과
경남대학교 사서 직원 모집공고(2017. 9.7 (목) 09:00 ~ 2017. 9.17 (일) 18:00) 안내,취업,문헌정보학과
대전대학교 직원 채용 공고 (~채용시까지) 안내,취업,문헌정보학과
EBS 계약직원(아카이브 콘텐츠 및 메타데이터관리 분야) 공개채용 공고 (2017. 09. 08.(금) ~...,취업,문헌정보학과
KERIS dCollection 서비스 기획보조 담당 사서 모집 (2017.09.01(금) ~채용시까지) 안내,취업,문헌정보학과
카피킬러 서비스 기획 담당자 채용 공고 (2017.9.4 (수) ~ 채용시 마감) 안내,취업,문헌정보학과
서울대학교 중앙도서관 연구성과 데이터 구축 인력 채용공고 (2017. 9. 11.(월) ~ 2017.9. 19...,취업,문헌정보학과
고려대학교 서울캠퍼스 중앙도서관 학술연구지원부 계약직원 모집 (2017.09.08 (금) 17:00 ~ ...,취업,문헌정보학과
서울올림픽기념국민체육진흥공단 기록물관리 전문요원(육아휴직 대체근무자) 채용공고 (2017....,취업,문헌정보학과
국립어린이청소년도서관 비정규직(정보서비스과)근로자 채용 공고 (2017. 9. 4.(월) ∼ 2017....,취업,문헌정보학과
중구구립도서관 개관시간 연장사업 지원인력 모집공고 (2017.09.08.(금)∼2017.09.15.(금)) 안내,공지,문헌정보학과
인하공업전문대학 도서관 사서(문헌정보팀) 직원 채용 공고 (2017.09.01.(금) ∼ 2017.09.11....,취업,문헌정보학과
홍익대학교 세종캠퍼스 사서 모집공고 (2017. 9. 7. (목) ~ 2017. 9. 25. (월) 15:00) 안내,취업,문헌정보학과
경희대학교 중앙도서관 계약직 사서 모집 (2017.9.5. (화) ~ 2017.9.11. (월) 24:00) 안내,취업,문헌정보학과
남서울대학교 성암기념중앙도서관 직원채용 공고 (2017.9.4 (월) ~ 2017.9.8 (금))안내,취업,문헌정보학과
2017년 2학기 문헌정보학과 실습실 도우미 모집,공지,문헌정보학과
백석대학교 도서관 계약직원 (사서) 모집 (2017.9.4. (월) ~ 2017. 9.13 (수)) 안내,취업,문헌정보학과
용산구시설관리공단 직원(사서 포함) 채용 공고 (2017.9.4 (월) ~ 2017.9.8 (월) 10:00~17:0...,취업,문헌정보학과
호서대학교 계약직원 채용공고 (~ 2017. 9. 6. (수)) 안내,취업,문헌정보학과
국립중앙도서관 국가교육근로장학생 지원,취업,문헌정보학과
대전장대초등학교 기간제교사(사서교사) 채용 공고 (2017.8.30. (수) ~ 2017.9.5. (화) 09:00...,취업,문헌정보학과
성균관대학교 (수원) 자연과학캠퍼스 학술정보관 사서직 모집 ( ~ 2017.9.8. (금)) 안내,취업,문헌정보학과
응암정보도서관 계약직 사서 모집 (2017.8.30.(수) ~ 마감시) 안내,취업,문헌정보학과
이노션 월드와이드 신입사원 공개채용 (2017.8.30. (수) ~ 2017. 9.13 (수) 17:00) 안내,취업,문헌정보학과
일죽초등학교 교육공무직원(사서) 채용 재공고 (2017. 8. 29. (화) ~ 2017. 9. 1. (금) 15:00...,취업,문헌정보학과
제주꿈바당어린이도서관 운영인력 3차 공개채용 공고 (2017.8.28 (월) ~ 2017.9.6 (수) 18:00...,취업,문헌정보학과
경동대학교 직원 및 조교 (사서포함) 모집 (2017.08.28 (월) ~ 2017.09.04. (월) 17:00) 안내,취업,문헌정보학과
노원구 구립도서관 육아휴직 대체 계약직 채용 공고 (2017. 8. 22.(화) ~ 2017. 9. 4.(월) 12...,취업,문헌정보학과
송파글마루도서관 기간제근로자 (사서) 모집 (2017. 8. 28.(월) ~ 2017. 9. 4.(월))안내,취업,문헌정보학과
동서울대학교 도서관 계약직 사서 모집 (2017. 8. 23 (수) ~ 2017. 8. 30 (수)) 안내,취업,문헌정보학과
영남이공대학교 도서관 계약직 사서 채용 공고 (2017.8.29. (화) ~ 2017.9.11. (월) 18:00) 안내,취업,문헌정보학과
서울특별시 양천구 지방임기제공무원(사서) 채용계획 공고 (2017.9.6. (수) ~ 2017.9.8. (금...,취업,문헌정보학과
선유정보문화도서관 개관시간 연장사업 지원인력 (사서) 모집 (2017.8.25 (금) ~ 2017. 8.31 ...,취업,문헌정보학과
(재공고) 구립은평뉴타운도서관 직원 채용 공고(2017.8.26. (토) ~2017. 8. 31. (목) 14:00) ...,취업,문헌정보학과
송파구립도서관 정규직 사서 모집 (2017.8.27.(일) ~ 2017. 8.31. (목)) 안내,취업,문헌정보학과
2017 하반기 신입사원 채용 - KT 스타오디션 (2017.08.25 (금) ~ 2017.08.30 (수) 17:00) 안내,취업,문헌정보학과
작전여자고등학교 기간제(계약제) 교사 채용 계획 (2017. 08. 18 (금) ~ 2017. 08. 24 (목)) ...,취업,문헌정보학과
웃터골초등학교 계약제교원(사서교사) 채용 4차 공고 (2017.8.22 (화) ~ 2017. 8.24 (목) 16:...,취업,문헌정보학과
호서대학교 중앙도서관 사서 모집( ~ 2017. 8. 28. (월)) 안내,공지,문헌정보학과
가톨릭상지대학교 직원(사서) 채용 ( ~ 2017.08.24 (목) 18:00) 안내,취업,문헌정보학과
서울아산병원 의학도서관 사서 모집 (2017.08.17 (목) 09:00 ~ 2017.08.27 (일) 23:00) 안내,취업,문헌정보학과
한국전력공사 본사 한전도서관 비정규직 채용 공고 (2017. 8. 21 (월) ~ 2017. 9. 1 (금)) 안내,취업,문헌정보학과
연세대학교 학술정보원 계약직 사서 (야간) 모집공고 (2017. 8 .21.(월) ~ 2017.8 .27. (일)...,취업,문헌정보학과
구립은평뉴타운도서관 기간제 사서 채용 공고 (2017.8.21. (월) ~ 2017. 8.28. (월)) 안내,취업,문헌정보학과
분당서울대학교병원 교육수련팀(의학자료정보센터) 사서 모집 (~채용시까지) 안내,취업,문헌정보학과
인천도림초등학교 기간제교원(사서교사) 채용 공고 (2017.08.16 (수) ~ 2017.08.23 (수) 16:...,취업,문헌정보학과
구립증산정보도서관 사서 채용 공고 (2017.8. 17 (목) ~ 2017. 8. 27 (일)) 안내,취업,문헌정보학과
구립은평뉴타운도서관 직원 채용 공고 (2017.8. 17 (목) ~ 2017. 8. 21 (월) 13:00) 안내,취업,문헌정보학과
오금고등학교 도서관 업무보조원 채용 공고(2017.8.16.(수) ~ 2017.8.18.(금) 12:00) 안내,취업,문헌정보학과
화순초등학교 기간제 사서교사 3차 채용 공고 (2017.8.17.(목) ~ 2017.8.21.(월) 12:00) 안내,취업,문헌정보학과
대동세무고등학교 기간제 사서교사 초빙 공고 (2017.08.14.(월) ~ 2017.08.21.(월) 10:00) 안내,공지,문헌정보학과
사단법인 한글문화연대 인턴직 모집 공고 (2017.8.14. (월) ~ 채용시) 안내,취업,문헌정보학과
노원구 구립도서관 사서직 6급 직원 채용 공고 (2017. 8. 16.(수) ~ 2017. 8. 31.(목) 12:00)...,취업,문헌정보학과
한가람고등학교 도서관 사서 채용 공고 (2017.8.14. (월) 09:00 ~ 2017. 8. 21. (월) 18:00) ...,취업,문헌정보학과
서초문화재단 직원 공개경쟁 채용 공고 (2017. 8. 14 (월) ~ 2017. 8. 22 (화)16:00) 안내,취업,문헌정보학과
서울특별시 양천구 기간제근로자 (도서관사서) 채용 공고 (2017. 8. 14 (월) ~ 2017. 8. 18 (...,취업,문헌정보학과
금천구립도서관 기간제 근로자 채용 (2017. 08. 16 (수) ~ 2017. 08. 22 (화) 18:00 ) 안내,공지,문헌정보학과
한신대학교 장공도서관 사서 채용 공고 (2017. 08. 14 (월) ~ 2017. 08. 16 (수) 24:00) 안내,취업,문헌정보학과
광주 광신대학교 도서관 직원모집 공고 (2017.08.16.(수) ~ 2017.08.23.(수) 17:00) 안내,취업,문헌정보학과
구로문화원 직원 (사서 포함) 채용 공고 (2017. 8. 16 (수) ~ 2017. 8. 22 (화)) 안내,취업,문헌정보학과
양화중학교 교육공무직원(사서실무사) 대체 인력 채용 공고 (2017. 8. 16.(수) ~ 2017. 8. 21...,취업,문헌정보학과
아트선재센터 사서 (계약직) 구인공고 (~ 2017.8.18 (금) 17:00 ) 안내,취업,문헌정보학과
의령도서관 사서대체 인력 채용 공고 (2017.8.8.(화) 10:00 ~ 2017. 8.19.(토) 17:00)안내,취업,문헌정보학과
한양대학교 백남학술정보관 계약직 사서 구인 공고 (~ 2017.8.18 (금) 17:00) 안내,취업,문헌정보학과
광운대학교 기간제 계약직원 (중앙도서관 정보자료팀) 모집 공고 (~ 2017.08.18 (금) 오전 10...,취업,문헌정보학과
신경대학교 직원 채용 공고 (2017.08.10.(목) ~ 2017.08.17.(목) 16:00)안내,취업,문헌정보학과
서울원신초등학교 사서실무사 대체직원 채용공고 (2017. 8. 16 (수)10:00 ~ 2017.8.18.(금) 1...,취업,문헌정보학과
충청남도역사문화연구원 기간제 근로자 채용 (2017. 08. 16.(수)~채용시 까지 ) 안내,취업,문헌정보학과
서울송파초등학교 기간제 사서교사 채용 공고 (2017. 8. 10.(목) 13:00 ~ 2017. 8. 22.(화) 1...,취업,문헌정보학과
서울특별시 마포구 일반임기제공무원 채용시험계획 공고 (2017. 8. 22. (화) ~ 2017. 8. 24. ...,공지,문헌정보학과
빛고을초등학교 교육공무직원 육아휴직 대체 사서 한시 채용 공고 (2017. 8. 16.(수) 09:00 ~...,취업,문헌정보학과
영등포문화재단 직원 모집 공고 (2017.8.11.(금) ~ 2017.8.17.(목) 9:00~18:00) 안내,취업,문헌정보학과
상명대학교 천안캠퍼스 학술정보관 행정조교 모집 (~ 채용시까지) 안내,취업,문헌정보학과
금천문화재단 신규직원채용(사서 포함) 공개모집 공고 (2017. 8. 11.(금) ∼ 2017. 8. 18.(금...,취업,문헌정보학과
대구경동초등학교 기간제 사서교사 채용 공고 (2017. 8. 8.(화) ~ 2017. 8. 14.(월) 16:00)안내,취업,문헌정보학과
부산점자도서관 직원 채용 공고 (~ 2017.8.11. (금) 12:00)안내,취업,문헌정보학과
인천광역시부평구문화재단 직원채용 공고 (2017.08.09.(수)~2017.8.21.(월) 18:00)안내,취업,문헌정보학과
노원구 구립도서관 육아휴직대체계약직 채용 공고 (2017. 8. 8.(화) ~ 2017. 8. 16.(수) 12:0...,취업,문헌정보학과
동광초등학교 사서 채용공고 (2017. 8.7 (월) ∼ 2017.8.10 (목) 16:00)안내,취업,문헌정보학과
서울시립노원시각장애인복지관 사서 채용공고 (2017. 8. 7 (월) ∼ 2017. 8. 16 (수))안내,취업,문헌정보학과
부원고등학교 학교도서관 사서 채용계획 공고 (2017. 8. 3.(목) 09:00 ~ 2017. 8. 11.(금) 17...,취업,문헌정보학과
병점고등학교 사서 채용공고 (2017.08.04.(금) ~ 2017.08.10.(목) 15:00) 안내,취업,문헌정보학과
고산도서관 기간제 근로자 채용 공고 (2017.8.4.(금) ~ 2017. 8.18.(금)) 안내,취업,문헌정보학과
관악문화관도서관 직원 공개경쟁채용 공고 (2017.08.14 (월) ~ 2017.08.17 (목) 17:00)안내,취업,문헌정보학과
영종하늘도서관 기간제근로자 채용 공고 (재공고) (2017. 8. 7. (월) ∼ 2017. 8. 9.(수) 18:...,취업,문헌정보학과
백석대학교 도서관 계약직원(사서) 모집 (2017. 8. 7 (월) ~ 2017. 8. 18 (금) 16:00)안내,취업,문헌정보학과
중구구립도서관 작은도서관 전담사서 모집 공고 (2017.08.04 (금) ~ 2017.08.13 (일))안내,공지,문헌정보학과
가톨릭상지대학교 직원(사서) 채용 (~ 2017.08.08 (화) 23:00까지)안내,공지,문헌정보학과
학마을도서관 기간제 근로자 채용공고 (2017. 08. 07 (월) ~ 2017. 08. 16 (수) 09:00 ~18:00...,취업,문헌정보학과
SK telecom 본사 Global Intelligence팀 사서 채용( ~ 2017.8.21.(월)) 안내,취업,문헌정보학과
전남 화순초등학교 기간제 사서교사 채용 공고 (2017.8.3.(목) ~ 2017.8.9.(수) 12:00) 안내,취업,문헌정보학과
한국산업기술대학교 계약직원 채용 공고(2017. 8. 2 (수) ~ 2017. 8. 10(목) 15:00) 안내,취업,문헌정보학과
인하대학교 정석학술정보관 채용 공고 (상시) 안내,취업,문헌정보학과
영종하늘도서관 기간제근로자 채용 공고 (2017. 7. 25.(화) ∼ 2017. 8. 4.(금) 18:00) 안내,취업,문헌정보학과
신현중학교 기간제 사서교사 채용 공고 (2017.08.01. (화) ~ 2017.08.07. (월) 12:00) 안내,공지,문헌정보학과
웃터골초등학교 계약제교원(사서교사) 채용 3차공고 (2017. 8. 9. (수) ~ 2017. 8. 11.(금) 1...,취업,문헌정보학과
경북대학교 대학회계 계약직원(사서 포함) 채용 공고 (2017. 8. 9.(수) ~ 2017. 8. 11.(금) 1...,취업,문헌정보학과
누리미디어 신입사원 모집 (2017.08.02 (수) ~ 2017.08.25 (금) 24:00) 안내,공지,문헌정보학과
경기도립발안도서관 기간제(사서 결원대체) 채용공고 2017.07.31.(월) ~ 2017.08.07.(월) 13:...,취업,문헌정보학과
구립증산정보도서관 계약직 사서 채용 공고 (2017.7.30.(월) ~ 2017.8.6.(일)) 안내,취업,문헌정보학과
성신여자대학교 중앙도서관 기간제 사서 채용 (~ 2017. 8. 7.(월) 17:00) 안내,취업,문헌정보학과
화도진도서관 지방공무원 대체인력(사서실무원) 채용 공고 (2017. 7. 31.(월) ~ 2017. 8. 4.(...,취업,문헌정보학과
건국대학교 상허기념도서관 학술지원팀(서고) 행정조교 모집 (2017.7.31 (월) ~ 2017. 8.4 (금...,취업,문헌정보학과
개포고등학교 기간제 교사 채용 공고 (2017.8.7 (월) ~ 2017.8.11 (금) 16:00) 안내,취업,문헌정보학과
노원구 구립도서관 사서직 5급(정규직) 채용 공고 (2017. 7. 28.(금) ~ 2017. 8. 7.(월) 12:0...,취업,문헌정보학과
경양초등학교 교육공무직원(사서) 한시 채용 공고 (2017. 7. 31.(월) 09:00 ~ 8. 2.(수) 12:0...,취업,문헌정보학과
서울시립대 중앙도서관 대체인력 채용 공고 (2017. 8. 1.(화) 09:00 ~ 2017. 8. 9.(수) 18:00...,취업,문헌정보학과
국립중앙도서관 디지털기획과 기간제 근로자 채용 공고 (2017. 7. 26.(수) ~ 2017. 8. 6.(일)...,취업,문헌정보학과
대구광역시달서구 성서도서관 기간제 근로자 채용공고 (2017. 8. 1.(화) ~2017. 8. 6.(일) 17...,취업,문헌정보학과
국립해양박물관 기간제근로자 채용 공고 (2017. 7. 26.(수) ~ 2017. 8. 7.(월) 18:00) 안내,취업,문헌정보학과
인천광역시 수봉도서관 기간제근로자 채용공고 (2017. 7. 27.(목) ~ 2017. 8. 4.(금)) 안내,취업,문헌정보학과
도봉문화재단 구립도서관 관장 등 직원 채용 공고 (2017.8.1.(화) ~ 2017.8.7.(월)) 안내,취업,문헌정보학과
구립은평뉴타운도서관 직원 채용 공고 (2017. 7. 26 (수) ~ 2017. 7. 29 (토) 11:00) 안내,취업,문헌정보학과
광주중학교 교육공무직원(사서) 한시적 채용 공고 (2017. 7. 28.(금) ~ 2017. 8. 2.(수) 11:0...,취업,문헌정보학과
가천대학교 메디컬캠퍼스 중앙도서관 계약직 사서 모집 (2017. 8. 1.(화) ~ 2017. 8. 11.(금)...,취업,문헌정보학과
사립공공연암도서관 정규직 사서 모집 (2017.07.26 (수) ~ 2017.08.10 (목)) 안내,취업,문헌정보학과
경기도립발안도서관 기간제(사서 결원대체) 채용공고 (2017. 07. 26.(수) ~ 2017. 7. 29.(토)...,취업,문헌정보학과
성보고등학교 기간제 교사 초빙 공고 (2017.07.24.(월)~ 2017.07.28.(금)16:00) 안내,취업,문헌정보학과
도봉문화정보도서관 기간제 계약직 사서 채용공고 (2017. 7. 26.(수) ~ 2017. 7. 31.(월)) 안내,취업,문헌정보학과
연세대학교 신촌캠퍼스 학술정보원 학술정보지원팀 직원 모집(~ 2017. 8. 4 (금)) 안내,취업,문헌정보학과
장유대우작은도서관 사서 채용 공고 (3차) (2017.7.25. (화)~2017.8.8 (화) 17:00) 안내,취업,문헌정보학과
한성대학교 신입직원 (정규직- 사서 포함) 채용 공고 (2017.08.03.(목) 11:00 ~ 2017.08.10.(...,취업,문헌정보학과
문현여자고등학교 기간제교사(사서) 채용 안내 (2017. 7. 21.(금) ~ 2017. 7. 28. (금) 16:00...,취업,문헌정보학과
국가정보원 일반직 9급 채용 안내 (2017.07.18 (화) ~ 2017.07.31 (월) 16:00) 안내,취업,문헌정보학과
성균관대학교(서울) 중앙학술정보관 사서 모집 (2017.07.21(금) ~ 2017.07.26 (수) 24:00) 안내,취업,문헌정보학과
연산도서관 사서직 대체 기간제 근로자 채용 공고 (2017. 7. 26.(수) ~ 2017. 7. 30.(일) 11:...,취업,문헌정보학과
차의과학대학교 도서관(사서) 직원 모집 공고 (2017. 7. 20 (목) ~ 2017. 8. 1(화) 24:00) 안내,취업,문헌정보학과
서초구립반포도서관 개관시간 연장 전담인력 채용 공고 (2017. 7. 21 (금) ~ 2017. 7. 26 (수...,취업,문헌정보학과
한국과학기술기획평가원 신규직원(기록물 관리 포함) 공개 채용 (2017.07.18 (화) ~ 2017.08....,취업,문헌정보학과
미사초등학교 기간제교사(사서교사)채용 공고 (2017.07.21(금) ~ 2017.7.26 (수) 16:00) 안내,취업,문헌정보학과
강서구립 등빛도서관 직원 채용공고 (2017.7.20 (목) ~ 2017.7.31 (월)) 안내,취업,문헌정보학과
남동구립도서관 공무직근로자 공개 채용 공고 (2017.08.03.(목) ~ 2017.08.04.(금) 09:00~18:...,취업,문헌정보학과
인천광역시부평구문화재단 직원채용 공고(2017.07.19.(수) ~ 2017.07.29.(토)) 안내,취업,문헌정보학과
중앙대학교 학술정보원(서울) 계약직 사서 모집 공고 (2017. 7. 20 (목) ~ 2017.7.25 (화) 16...,취업,문헌정보학과
한국에너지공단 신입직원(기록물 관리 포함) 채용 공고(2017. 7. 19 (수) 10:00 ~ 2017. 7. 2...,취업,문헌정보학과
인천광역시도서관발전진흥원 직원 채용 공고 (2017. 7. 26.(수)~ 2017. 7. 28.(금) 09:00~18:...,취업,문헌정보학과
한국문화관광연구원 위촉연구원 모집 안내 (~채용시까지) 안내,취업,문헌정보학과
은평구립도서관 직원 모집 안내 (2017. 7. 19 (수) ~ 2017. 7. 23 (일) 16:00) 안내,취업,문헌정보학과
재단법인 성동문화재단 직원(사서 포함) 채용 공고 (2017. 7. 17. (월) ∼ 2017. 7. 28. (금)...,취업,문헌정보학과
대구광역시달서구 본리도서관 기간제근로자 채용 공고 (2017.7.27.(목) ~ 2017.7.30.(일)) 안내,취업,문헌정보학과
웃터골초등학교 계약제교원(사서교사) 채용 2차공고 (2017.7.19 (수) ~ 2017.7.21 (금) 16:40...,취업,문헌정보학과
서울 한양대학교 의학도서관 계약직 사서 모집 (2017.7. 12 (수)- 2017.7.23 (일) 12:00) 안내,취업,문헌정보학과
연세대학교 의료원 계약직 사서 모집 (~ 2017. 7. 23 (일) 24:00) 안내,취업,문헌정보학과
연수도서관 지방공무원 대체인력(사서실무원) 채용 공고 (2017. 7. 18.(화) ~ 2017. 7. 24.(월...,취업,문헌정보학과
마석중학교 사서(육아휴직 대체) 채용 공고 (2017.07.18.(화) 13:00 ~ 2017.07.24.(월) 16:00...,취업,문헌정보학과
㈜LG화학 CTO Staff (도서관사서 경력직) 모집 (2017.7.17.(월) ~ 2017.7.27.(목) 10:00),취업,문헌정보학과
서울아주초등학교 육아휴직 대체 사서실무사 채용 공고 (2017.7.14.(금) 16:00 ~ 2017.7.20.(...,취업,문헌정보학과
국립중앙도서관 기간제 근로자(국가서지과) 채용 공고 (2017. 7. 12.(수) ~ 2017. 7. 31.(월)...,취업,문헌정보학과
호서대학(아산) 중앙도서관 계약직 사서(주간) 모집 (~ 2017.07.26 (수)) 안내,취업,문헌정보학과
"대한출판문화협회 채용(사무국장, 도서사업, 출판정책) 공고 (2017.07.17 (월) ~ 2017.07.30 ...",취업,문헌정보학과
KBS 아카이브사업부 메타데이터 입력 직원 모집(~2017. 07.21 (금) 08:00) 안내,취업,문헌정보학과
수성문화재단 계약직원 채용시험 시행계획 공고 (2017. 7. 25 (화) ~ 2017.7. 28 (금) 09:00 ...,취업,문헌정보학과
미르초등학교 사서 (대체인력) 채용 공고 (2017. 7. 12. (수) ~ 2017. 7. 17. (월) 12:00)안내,취업,문헌정보학과
서울특별시교육청 남산도서관 시간선택제 전환공무원 대체인력 채용 공고 (2017. 7. 14.(금) ...,취업,문헌정보학과
종로문화재단 직원(사서 포함) 공개모집 공고 (2017.07.17.(월)~2017.07.24.(월))안내,취업,문헌정보학과
고운동 도서관 개관시간연장 기간제 직원 모집 공고 (2017.07.13.(목) ~ 2017.07.18.(화) 09:...,취업,문헌정보학과
구립증산정보도서관 사서 채용공고 ( 2017. 7. 13 (목) ~2017. 7. 21 (금))안내,취업,문헌정보학과
강서구립 가양도서관 사서 모집 (2017.07.13 (목) ~ 2017.07.25 (화) 18:00) 안내,취업,문헌정보학과
동대문구답십리도서관 기간제 근로자 채용 변경 공고 (2017. 7. 12.(수) ~ 2017. 7. 15.(토) ...,취업,문헌정보학과
서울 한양대학교 의학도서관 사서 모집 (2017. 7. 12 (수) ~2017. 7. 14 (금) 11:00)안내,취업,문헌정보학과
양천구 구립공공도서관 기간제근로자 채용 공고 (2017. 7. 12 (수) ~2017. 7. 21 (금))안내,취업,문헌정보학과
사랑나무가족도서관 사서 대체인력 채용공고 (2017.7.11(화) ~ 2017.7 24 (월))안내,취업,문헌정보학과
의왕시 내손도서관 사서(주중)모집 (~ 채용시 까지) 안내,취업,문헌정보학과
신백아동복지관 한울타리도서관 직원(사서) 채용 공고 (2017년 7월 11일(화) ~ 2017년 7월 21...,취업,문헌정보학과
노원구 구립도서관 육아휴직대체계약직 직원 채용 (2017. 7. 11.(화) ~ 2017. 7. 25.(화) 12:...,취업,문헌정보학과
웃터골초등학교 계약제교원(사서교사) 채용 공고(2017. 7. 12(수) 16:40 )안내,취업,문헌정보학과
대천초등학교 사서교사 채용 계획 (2017. 7. 10 (월) ~ 2017. 7.12 (수) 12:00) 안내,취업,문헌정보학과
서초문화재단 직원 공개경쟁 채용 공고 (2017.07.11.(화)~ 2017.07.18(화) 16:00)안내,취업,문헌정보학과
인천광역시부평구문화재단 직원채용 공고 (2017.07.10.(월)~ 2017.07.20(목))안내,취업,문헌정보학과
마산고등학교 기간제교사(사서교사) 채용 계획 (2017.07.11.(화) ~ 2017.07.20.(목) 16:00 (토...,취업,문헌정보학과
구립은평뉴타운도서관 기간제 사서 채용 공고 (2017.7.10.(월) ~ 2017.7.19. (수) 14:00)안내,취업,문헌정보학과
수원과학대학교 도서관 계약직 사서 모집 (~2017. 7. 14 (금)) 안내,취업,문헌정보학과
인천석남중학교 사서 채용 공고(2017. 7. 4. (화) ~ 2017. 7. 11. (화))안내,취업,문헌정보학과
장유대우작은도서관 사서 채용 공고 (2017.7.8.(토)~7.19(수) 17:00) 안내,취업,문헌정보학과
가야대학교 사서직원 채용 공고( 2017. 7. 10(월) ~ 2017. 7. 14(금). 17:00)안내,취업,문헌정보학과
송도국제어린이도서관 단시간근로자 채용 계획 공고(2017. 7. 01.(토)~2017. 7. 11.(화))안내,취업,문헌정보학과
경상북도교육정보센터 지방공무원(사서) 대체인력 채용 공고 (2017. 7. 5.(수) ~ 2017. 7. 11...,취업,문헌정보학과
가톨릭상지대학교 직원(사서) 채용 (~2017.07.16(일) 23:00)안내,취업,문헌정보학과
노원시각장애인복지관 대체자료 제작 업무 담당 공고(육아휴직 대체인력) (~2017.7.20. (목) ...,취업,문헌정보학과
영등포문화재단 직원(사서 포함)모집 공고(2017.7. 11(화) ~2017. 7. 17(월))안내,취업,문헌정보학과
관악문화관도서관 사서 모집(2017. 7. 10.(월) ~ 2017.7. 13.(목) 17:00)안내,취업,문헌정보학과
배재대학교 계약직원(사서 포함) 모집 공고 (2017. 7. 5(수) ~ 7. 14(금). 10:00 ~ 17:00) 안내,취업,문헌정보학과
동대문구답십리도서관 기간제 근로자 채용 공고 (2017. 7. 5.(수) ~ 2017. 7. 11.(화)) 안내,취업,문헌정보학과
동명대학교 중앙도서관 조교 채용 공고 (~2017.07.14 (금)) 안내,취업,문헌정보학과
인천가톨릭대학교 도서관 계약직 직원 채용 공고 (~ 2017.07.28.(금) 16:00) 안내,취업,문헌정보학과
화성시문화재단 직원(사서직 포함) 채용 공고(2017.07.10.(월)~ 2017.07.14.(금)까지) 안내,취업,문헌정보학과
서울특별시 양천구 지방임기제공무원 채용계획 공고(2017.07.10.(월)∼2017.07.12.(수)) 안내,취업,문헌정보학과
(주)아이네크 사원 모집 (~채용시 까지) 안내,취업,문헌정보학과
경기도립과천도서관 기간제근로자(학교도서관 지원단) 채용 공고 (2017. 6. 30. (금)~2017. 7...,취업,문헌정보학과
한국해양대학교 도서관 일용직 근로자 채용 (2017. 7. 9.(일) 18:00) 안내,취업,문헌정보학과
국립해양박물관 기간제근로자(육아휴직 대체인력) 채용 (2017. 6. 26.(월) ~ 7. 6.(목) 18:00...,취업,문헌정보학과
광명시 하안도서관 도서정리 및 마크입력(기간제근로자) 공개채용 공고 (2017. 7. 5.(수)~ 20...,취업,문헌정보학과
서울특별시 양천구 구립공공도서관 기간제근로자(도서관사서) 채용 공고 (2017. 7. 4 (화) ~ ...,취업,문헌정보학과
강일도서관 2017년 하반기 공공근로 모집 (2017. 7. 3(월)~채용시까지) 안내,취업,문헌정보학과
고려대학교 서울캠퍼스 중앙도서관 학술정보관리부 계약직원(홍보·마케팅 업무) 모집(2017.6...,취업,문헌정보학과
건국대학교 상허기념도서관 정리실 계약직 모집(~2017.7.13 (목) 15:00) 안내,취업,문헌정보학과
경희대학교 서울캠퍼스 중앙도서관 계약직원(사서) (2017.7.3.(월)~2017.7.10(월) 24:00) 안내,취업,문헌정보학과
마포구립 하늘도서관 개관연장인력모집(2017.7.11.(화)~ 2017.7.14.(목) 18:00) 안내,취업,문헌정보학과
삼성서울병원 의학정보팀 계약직 사서 채용(2017.6.30.(금)~2017.7.10.(월) 9:00)안내,취업,문헌정보학과
홍익대학교 법학도서관 사서직 조교 모집 (~2017.7.9 (일) 24:00까지)안내,취업,문헌정보학과
인천학익초등학교 도서관 사서 채용공고 (2017.6.29.(목) ~ 2017.7.6.(목) 09:00~16:40)안내,취업,문헌정보학과
한양대학교병원 수련교육팀[의대도서관] 사서(신입 임시직) 채용 (2017.6.29 (목) 16:00 ~ 2...,취업,문헌정보학과
국립어린이청소년도서관 비정규직(기간제) 근로자 채용 계획 (2017. 6. 30.(금)∼2017. 7. 7....,취업,문헌정보학과
송파구립 도서관 정규직 사서 모집 (2017.6.30.(금) ~ 2017.7.6.(목))안내,취업,문헌정보학과
국립중앙도서관 기간제 근로자(디지털기획과) 채용 공고 (2017.6.19.(월) ~ 7.3.(월) 18:00)안내,취업,문헌정보학과
남서울대학교(천안) 도서관 사서 모집(2017.6.30(금)~7/7(금))안내,취업,문헌정보학과
노원구 구립도서관 육아휴직대체계약직 도서관 사서 모집 (2017. 6. 29.(목) ~ 2017. 7. 5.(수...,취업,문헌정보학과
[종로/본점] KEB하나은행 도서관 사서 모집 (~ 2017.7.5.(수) 17:00) 안내,취업,문헌정보학과
송파시각장애인정보문화센터 사서 및 행정사무원 모집 (~ 2017.7.4.(화) 18:00) 안내,취업,문헌정보학과
양천구 구립공공도서관 기간제근로자(도서관사서) (2017. 6. 28.(수) ~ 6. 30.(금)) 안내,취업,문헌정보학과
성신여자대학교 계약직원 채용공고(2017.6.28.(수) ~ .2017.7.4.(화) 17:00) 안내,취업,문헌정보학과
가톨릭대학교 성바오로병원 의학도서실 사서(계약직) 모집(2017.06.29(목) ~ 07.05(수)) 안내,취업,문헌정보학과
국립중앙도서관 기간제 근로자(국제교류홍보팀) 채용 공고 (2017. 6. 23.(금) ~ 2017. 7. 2.(...,취업,문헌정보학과
㈜데이터클립 신입/경력사원 모집- DB구축(도서관/기록물) 프로젝트 관리 채용 공고 (~2017.7...,취업,문헌정보학과
병무청 무기계약근로자 채용 공고 (2017. 6. 29.(목) ~ 7. 3.(월) 18:00) 안내,취업,문헌정보학과
한국과학기술정보연구원(KISTI) 서울 분원 정보서비스실(서울) 위촉직원 채용 공고 (2017.06....,취업,문헌정보학과
한국과학기술정보연구원 정규직 공채(수습) 공고 (2017. 6. 15(목)~ 2017. 6. 30(금) 17:00) ...,취업,문헌정보학과
응암정보도서관 개관시간연장사업 계약직 채용 (2017. 6. 26(월 )~ 채용시까지) 안내,취업,문헌정보학과
나눔초등학교 기간제교사 채용 공고 (2017. 6.27(화) ~ 2017. 6. 30(금) 10:00) 안내,취업,문헌정보학과
가천대학교 중앙도서관 사서계약직원 채용 (2017. 06. 26(월) ~ 07. 12(수) 24:00) 안내,취업,문헌정보학과
동대문구시설관리공단 계약직 근로자 모집 (2017. 6. 26.(월) 09:00 ~ 6. 30.(금) 18:00) 안내,취업,문헌정보학과
이화여자대학교 도서관 계약직 사서모집 (~2017.07.06.(목))안내,취업,문헌정보학과
고성도서유통 도서관사서 채용 (~2017.07.05.(수)) 안내,취업,문헌정보학과
건설공제조합 신규직원 모집 (2017.06.28.(수) 10:00 ~ 2017.07.05.(수) 17:00) 안내,취업,문헌정보학과
재단법인 성북문화재단 기간제근로자(도서관 개관시간연장 지원사업) 모집 (~ 2017.6.30.(금)...,취업,문헌정보학과
㈜학술정보- 한양대 서울도서관 직원 모집 (2017. 6. 26.(월) ~ 2017. 6. 30.(금))안내,취업,문헌정보학과
노원구 구립도서관 사서직 직원 모집 (2017. 6. 21.(수) ~ 2017. 6. 27.(화) 12:00) 안내,취업,문헌정보학과
한국출판협동조합 MARC 메타데이터 구축 사서직을 모집 (~2017. 7. 15. (토)) 안내,취업,문헌정보학과
주식회사 경기교육 도서 Marc팀 사서직원 모집 (2017. 6. 23. (금) ~ 2017. 6. 28. (수)) 안내,취업,문헌정보학과
인천광역시교육청 [인천포스코고등학교] 교육실무직원_사서직 채용 (~6월12일 월 까지),취업,문헌정보학과
영등포문화재단 사서 정규직 및 계약직 직원 모집 공고 (6.7~6.13),취업,문헌정보학과
인천광역시부평구문화재단 사서업무 보조(계약직) 모집 (2017. 5. 25. (목) ~ 2017. 6. 4. (일...,취업,문헌정보학과
국립어린이청소년도서관 비정규직(정보서비스과) 근로자 모집 (2017. 5. 23. (화) ~ 2017. 5....,취업,문헌정보학과
인천광역시 율목도서관 개관시간 연장사업 기간제 근로자 모집 (2017. 5. 25. (목) ~ 2017. 5...,취업,문헌정보학과
노원구 구립도서관 사서직 직원 모집 (2017. 5. 23. (화) ~ 2017. 6. 1. (목) 12:00) 안내,취업,문헌정보학과
전임조교A와 행정관리조교(구 취업조교) 모집 알려드립니다.,취업,문헌정보학과
서초문화재단 신규 직원(사서) 모집 (2017. 5. 23. (화) ~ 2017. 5. 31. (수) 18:00) 안내,취업,문헌정보학과
숙명여자대학교 음악도서실 행정조교 모집 ( ~ 2017. 5. 24. (수)) 안내,취업,문헌정보학과
재단법인 성북문화재단 기간제 근로자 (개관시간 연장 지원사업) 모집 (2017. 5. 23. (화) ~ ...,취업,문헌정보학과
마포구립서강도서관 사서직 모집 ( ~ 2017. 5. 21. (일) 18:00) 안내,취업,문헌정보학과
연세대학교 의학도서관 계약직 사서 모집 ( ~ 2017. 5. 21. (일) 24:00) 안내,취업,문헌정보학과
도로교통공단 NCS 기반 직원(채용형 인턴) 모집 ( ~ 2017. 5. 22. (월)) 안내,취업,문헌정보학과
백석문화대학교 도서관 계약직원 사서 모집 (2017. 5. 8. (월) ~ 2017. 5. 12. (금) 16:00) 안내,취업,문헌정보학과
천재교육 사내 자료실(도서관) 사서 모집 ( ~ 2017. 5. 12. (금)) 안내,취업,문헌정보학과
노원구 구립도서관 육아휴직 대체 계약직 채용 (2017. 4. 28. (금) ~ 2017. 5. 5. (금) 18:00...,취업,문헌정보학과
한양대학교 서울캠퍼스 법학도서관 자료실 계약직 사원 채용 ( ~ 2017.05.10. (수)) 안내,취업,문헌정보학과
성북문화재단 기간제근로자(대체인력) 채용 (2017.04.27. (목) ~ 2017.05.08. (월) 18:00) 안내,취업,문헌정보학과
구로문화원 직원 채용(2017.4.25. (화) ~ 2017.5.4. (목) 18:00) 안내,취업,문헌정보학과
양천구 작은도서관 전담사서 채용 (2017.4.18. (화) ~ 2017.4.28. (금)) 안내,취업,문헌정보학과
한양여자대학교 도서관 계약직 사서 채용 (2017.4.18. (화) ~ 2017.4.23. (일)) 안내,취업,문헌정보학과
강동구립도서관 정규직 직원 채용 (2017.4.18. (화) ~ 2017.4.28. (금) 18:00) 안내,취업,문헌정보학과
은평구립도서관 정규직 직원 채용 (2017.4.18. (화) ~ 2017.4.20. (목)) 안내,취업,문헌정보학과
국립어린이청소년도서관 기간제(정보서비스과)근로자 채용 (2017.4.14. (금) ~ 2017.4.24. (월...,취업,문헌정보학과
국립중앙도서관 기간제 근로자(자료수집과) 채용 (2017.4.12. (수) ~ 2017.4.20. (목)) 안내,취업,문헌정보학과
광운대학교 중앙도서관 기간제 계약직원 모집 ( ~ 2017.4.21.(금) 10:00) 안내,취업,문헌정보학과
노원구 구립도서관 직원 채용 공고 (2017.4.14. (금) ~ 2017.4.24.(월) 12:00) 안내,취업,문헌정보학과
범한서적주식회사 수입부 정규직 직원 채용 (~ 충원 후 마감) 안내,취업,문헌정보학과
순천향대학교병원 의학도서팀 계약직 사서 모집 (2017.04.10. (월) ~ 2017.04.17 (월)) 안내,취업,문헌정보학과
고려대학교 중앙도서관 학술정보디지털부 계약직원(방송/미디어 관련업무) 모집 (2017.04.13....,취업,문헌정보학과
광주시립도서관 개관시간 연장사업 기간제 근로자 모집 (2017.04.12 (수) ~ 2017.04.19 (수))...,취업,문헌정보학과
현대엔지니어링 사서업무 담당자 채용 (2017.04.12 (수) ~ 2017.04.21(금)) 안내,취업,문헌정보학과
아주대학교 중앙도서관 계약직 사서 모집 (2017.04.03 (월) ~ 2017.04.16 (일)) 안내,취업,문헌정보학과
동대문구시설관리공단 계약직 근로자 모집 (2017.04.11 (화) 09:00 ~ 2017.04.17 (월) 18:00)...,취업,문헌정보학과
서대문구립도서관 기간제직원 공개 모집 (2017.04.08 (토) ~ 2017.04.17 (월)) 안내,취업,문헌정보학과
대덕대학교 도서관 계약직 사서 채용 공고 (2017.04.10 (월) ~ 2017.04.13 (목) 17:00) 안내,취업,문헌정보학과
대전지방법원 천안지원 도서실 육아휴직 대체사서직원 채용 공고 (2017.04.10 (월) ~ 2017.04...,취업,문헌정보학과
중구구립도서관 개관시간 연장사업 지원인력 모집 (2017.04.05 (수) ~ 2017.04.11 (화)) 안내,공지,문헌정보학과
강남구립 역삼도서관 개관연장사업 계약직 직원 채용 (2017.04.05 (수) ~ 2017.04.10 (월) 17...,취업,문헌정보학과
이화여자대학교 도서관 계약직 사서 모집 ( ~ 2017.4.9. (일)) 안내,취업,문헌정보학과
종로문화재단 무기계약직 직원 모집 (2017.4.4. (화) ~ 2017.4.10. (월)) 안내,취업,문헌정보학과
『동행(동생행복도우미)프로젝트』봉사자 모집 안내,취업,문헌정보학과
고려대학교 중앙도서관 학술정보열람부 주간/야간 계약직원 채용 (2017.4.3. (월) ~ 2017.4.9...,취업,문헌정보학과
한양대학교 서울캠퍼스 의학도서관 자료실 계약직사원 채용 (2017.4.3. (월) ~ 2017.5.10. (수...,취업,문헌정보학과
중앙대학교 학술정보원(서울) 계약직 사서 모집 (2017.4.3. (월) ~ 2017.4.7. (금) 18:00) 안내,취업,문헌정보학과
동대문구정보화도서관 공공 작은 도서관 연계협력 지원사업 전담사서 채용 (2017.4.3. (월) ~...,취업,문헌정보학과
성신여자대학교 중앙도서관 계약직 사서 모집 (~ 2017.4.6. (목) 17:00) 안내,취업,문헌정보학과
불광천작은도서관 계약직 사서 채용 공고 (2017.3.28. (화) ~ 2017.4.4. (화)) 안내,취업,문헌정보학과
응암정보도서관 정규직 사서 채용 공고 (2017.3.28. (화) ~ 2017.4.4. (화)) 안내,취업,문헌정보학과
성동문화재단 직원 채용 공고(2017. 03. 22.(수) ∼ 04. 01.(토) 18시) 안내,취업,문헌정보학과
한국학중앙연구원 도서관 청년인턴 모집( ~ 2016. 03. 27.(월)) 안내,취업,문헌정보학과
경희사이버대학교 기간제근로자 채용 공고(2017. 03. 20.(월) ~ 2017. 04. 04(화) 22:00) 안내,취업,문헌정보학과
인천광역시 율목도서관 기간제근로자 채용공고 (2017. 03. 17. (금) ~ 2017. 03. 26. (일)) 안내,취업,문헌정보학과
인천광역시부평구문화재단 2017년 제4회 직원채용 공고 (2017.03.14.(화) ~ 2017.03.24.(금))...,취업,문헌정보학과
제천 기적의 도서관 사서 채용 공고 (2017.3.18. (토) ~ 2017.3.26. (일)) 안내,취업,문헌정보학과
미국 하와이 대학교 도서관 파견 인턴생 (DS 2019 발급) 모집,취업,문헌정보학과
성북문화재단 직원 채용 공고 (2017.03.17.(금) 09:00부터 ~ 2017.03.23.(목) 12:00) 안내,취업,문헌정보학과
구로문화원 도서관 채용 공고(2017.3.15. (수) ~ 2017.3.22. (수)) 안내,취업,문헌정보학과
"국립해양박물관 기간제 근로자 채용 공고(2017.3.8.(수) ~ 3.16.(목), 15:00) 안내",취업,문헌정보학과
"서초문화재단 신규 직원 공개경쟁 채용 공고 (2017. 3. 9.(목) ~ 2017. 3. 16.(목), 16:00) 안내",취업,문헌정보학과
전주 옹달샘작은도서관 사서 채용 공고 (2017.3.10. (금) ~ 2017.3.15. (수)) 안내,취업,문헌정보학과
마포푸르메어린이 도서관 계약직 사서 채용 공고 (2017.3.8. (수) 09:00 ~ 2017.3.14. (화) 1...,취업,문헌정보학과
국립민속박물관 자료실 계약직 채용 공고 (2017.03.09(목) ~ 2017.03.15(수) (09:00~18:00)) ...,취업,문헌정보학과
KDI국제정책대학원(KDI School) 직원 모집 공고 (2017.3.7. (화) ~ 2017.3.21. (수) 24:00) 안내,취업,문헌정보학과
경희대학교 중앙도서관 계약직 사서 채용 공고 (2017.3.6. (월) ~ 2017.3.12 (일) 24:00) 안내,취업,문헌정보학과
순천향대학교 분야별 정규직원 채용 공고 (2017.03.01.(수) ~ 2017.03.09.(목)) 안내,취업,문헌정보학과
응암정보도서관 정규직 사서 채용공고 (2017.03.02.(목) ~ 2017.03.16.(목)) 안내,취업,문헌정보학과
연세대학교 의학도서관 계약직 사서 채용 공고(2.16(목) ~ 2.22(수) 24시까지) 안내,취업,문헌정보학과
광진구립도서관 육아휴직 대체 사서 채용공고(2017.02.09(목) ~ 02. 20(월) 09:00 ~ 18:00) ...,공지,문헌정보학과
한국기술교육대학교 계약직 사서 채용공고(~2/17 18:00 까지),취업,문헌정보학과
난곡초 2017학년도 교육실무사 사서 대체인력 채용공고(2017년 2월 13일(월) 10:00 ∼ 2월 20...,공지,문헌정보학과
한국해양과학기술원 계약직 채용공고(2017. 02. 24.(금) 17:00) 안내,취업,문헌정보학과
한국원자력연구원 계약직원 공개채용 공고 (2017. 02. 02.(목) ~ 2017. 02. 17.(금) 18:00) 안내,취업,문헌정보학과
이화여자대학교 계약직 사서 모집 공고 안내(~2/12),취업,문헌정보학과
영등포문화재단 사서 정규직 및 계약직 작원 모집공고(2/ 13~2/ 17),취업,문헌정보학과
숭실대학교 사서계약직원 채용공고(2017.02.07(화) ~ 02.15(수))안내,취업,문헌정보학과
동국대학교 중앙도서관 학술정보서비스팀 한시계약직 채용공고(2017. 2. 4.(토) 10:00~,취업,문헌정보학과
성신여대 중앙도서관 기간제 사서 채용공고(~2017. 2. 3. (금) 17:00) 안내,취업,문헌정보학과
영도 도서관 무기계약 근로자 채용공고 ( 2017. 1. 11~ 2017. 1. 31) 안내,취업,문헌정보학과
한국학중앙연구원 자료보존관리팀 청년인턴 채용공고( ~2017년 2월 5일 24:00 까지) 안내,취업,문헌정보학과
서울대학교 직원 채용공고 (2017. 01. 17.(화)~ 2017. 01. 25.(수)) 안내,취업,문헌정보학과
배제중학교 도서관 계약직원 채용공고 (2017. 1. 4. (수) ~ 2017. 1. 13. (금) 16:00) 안내,취업,문헌정보학과
서울대학교 수의학 도서관 계약직원 채용공고 (2017. 1. 3. (화) ~ 2017. 1. 10. (화) 18:00...,취업,문헌정보학과
전남대학교 계약직원 경력경쟁채용 공고 (2017. 1. 3.(화) ~ 2017. 1. 5.(목)),취업,문헌정보학과
서울특별시 도봉구 시간선택제 임기제공무원 채용시험계획 (2016. 12. 29(목)~2017. 1. 4(수)...,취업,문헌정보학과
방학 중 실습실 이용 안내 (2017. 1. 5.),공지,문헌정보학과
한국 코막 사서 채용 공고 (2016. 12. 29(목) ~ 2017. 1. 6.(금)),취업,문헌정보학과
혜전대학교 직원 채용 공고(2016년 12월 28일(수) ~ 2017년 1월 5일(목) 15:00) 안내,취업,문헌정보학과
LG화학 기술연구원 도서관 사서 채용공고(2016. 12. 22 18:00 ~ 2017. 01. 04 14:00)안내,취업,문헌정보학과
목원대학교 직원 채용 공고(2016. 12. 26(월)~2017. 1. 5(목) 17:00) 안내,취업,문헌정보학과
구립증산정보도서관 사서 채용공고(2016. 12. 26~ 2016. 12. 31),취업,문헌정보학과
아시아퍼시픽 국제외국인학교 교직원 채용공고(2016. 12. 21(수) ~ 2016. 12. 31(토)) 안내,취업,문헌정보학과
율목도서관 출산전후휴가자 대체인력(기간제근로자) 채용 공고(2016. 12. 22.(목) ~ 2016. 12...,취업,문헌정보학과
"국립어린이청소년도서관 채용공고 (2016. 12. 21(수)~2016. 12. 30(금), 18:00) 안내",취업,문헌정보학과
"국립중앙도서관 국가서지과 채용공고(2016. 12. 21.(수) ~ 2016. 12. 27.(화), 18:00) 안내",취업,문헌정보학과
동국대학교 경주캠퍼스 한시계약직(사서) 채용공고 ( 2016. 12. 16(금) ~ 2016. 12 .26(월))안내,취업,문헌정보학과
한국해양대학교 국가공무원(사서8급) 채용공고 ( 2015. 12. 28(수) ~ 2016. 12. 30(금))안내,취업,문헌정보학과
국립경주박물관 학예연구실 기간제 근로자 채용 공고(2016. 12. 16(금) ~ 2016. 12. 26(월) )...,취업,문헌정보학과
"성북문화재단 직원 채용공고(2016.12.16.(금) ~ 2016.12.22.(목), 09:00~18:00) 안내",취업,문헌정보학과
산업통상자원부 기간제 근로자 채용공고(2016. 12. 14(수) ~ 2016. 12. 22(목)) 안내,취업,문헌정보학과
중랑구립정보도서관 실습 학생 모집,취업,문헌정보학과
서대문구립 이진아기념도서관 실습 학생 모집,공지,문헌정보학과
(주)한국마크정보 채용공고(~채용시까지) 안내,취업,문헌정보학과
호서대학교 직원 신규 채용공고 (2016. 12.19(월) ～ 12.23(금)17:00 ) 안내,취업,문헌정보학과
한국수력원자력(주) 기간제 근로자 채용(2016년 12월 9일(금) ~ 2016년 12월 19일(월) 10:00)...,취업,문헌정보학과
육군사관학교 도서관 군무원 기간제 근로자 채용(2016년 12월 14일(수) ~ 2016년 12월 19일(월...,취업,문헌정보학과
백석대학교 도서관 사서 계약직 채용공고( 2016년 12월 12일(월) ~ 2016년 12월 16일(금) 17:...,취업,문헌정보학과
(사) 푸른 사람들 - 숲속 작은 도서관 사서 채용공고(~2016. 12. 15(목) ) 안내,취업,문헌정보학과
남서울대학교 도서관 직원 채용공고(2016. 12. 6(화) ~ 12. 11(일)) 안내,취업,문헌정보학과
인터파크 도서DB 등록 담당자 채용공고 ( ~2016.12.11(일) 23:00 ) 안내,취업,문헌정보학과
퓨처누리 전자도서관 솔루션 고객지원 담당자 채용공고(~2016. 12. 16(금)) 안내,취업,문헌정보학과
정신여자고등학교 도서관 자원봉사자 모집 안내,취업,문헌정보학과
서대문 구립도서관 기간제직원 공개 모집 공고 (2016.12.03(토) ~ 2016.12.12(월)) 안내,취업,문헌정보학과
성북문화재단 기간제근로자(사서 휴직대체) 채용공고 (2016.12.06(화) ~ 2016.12.12(월) 18:0...,취업,문헌정보학과
강서구립 등빛도서관 직원 채용공고(2016. 12. 1. (목) ~ 12. 8. (목)) 안내,취업,문헌정보학과
종로구 일반임기제 공무원(사서) 채용공고 ( 2016. 12. 12. (월) ~ 12. 16. (금) 09:00 ~ 18:...,취업,문헌정보학과
평택대학교 신규 정규직 직원 채용공고 안내 (2016. 11. 29. (화) ~ 12. 13. (화) 16:00) 안내,취업,문헌정보학과
2016학년도 제7회 전남대학교 계약직원 경력경쟁채용 공고 (2016. 11. 29. (화) ~ 12. 9. (금...,취업,문헌정보학과
2016년 하반기 인천대학교 직원채용공고(2016. 12. 6. (화) 10:00 ~ 12. 9. (금) 18:00) 안내,취업,문헌정보학과
경상대학교 도서관 계약직원(육아휴직 대체인력) 채용공고 (2016. 11. 30. (수) ~ 12. 9. (금...,취업,문헌정보학과
KDI 2016년 4분기 청년인턴 채용공고(11월 23일(수)-12월 7일(수) 17:00),취업,문헌정보학과
2017년도 서대문구도시관리공단 NCS기반 직원 공개경쟁채용 공고(11월 26일(토)-12월 5일(월)...,취업,문헌정보학과
강남문화재단 직원 공개채용 모집공고(2016. 11. 23(수) ~ 2016. 12. 07(수) 18:00 ),취업,문헌정보학과
한국전력 6직급 사무기술 및 전문 담당원 채용공고(11월 29일(화) 14:00 -12월 6일(화) 14:00),취업,문헌정보학과
2016년 제9차 부평구립도서관 기간제근로자(육아휴직대체자) 채용 공고 (2016.11.15.(화)∼20...,취업,문헌정보학과
호서대학교 계약직원 채용공고(~2016. 11. 28(월)),취업,문헌정보학과
EBS 계약직원 공개채용 공고(11월 14일(월) -11월 20일(일)) 안내,취업,문헌정보학과
아이네크 채용공고( 11월 17일(목) - 채용시 까지) 안내,취업,문헌정보학과
대한출판문화협회 출판정보관리센터 계약직원 채용공고(11월 15일-11월 21일),취업,문헌정보학과
강원대학교병원 채용공고(11월 8일(화) -11월 21일(월) 17:00),취업,문헌정보학과
동국대학교(서울캠퍼스) 직원 채용공고 : 11월 21일(월)-11월 30일(수),취업,문헌정보학과
서울특별시도봉구시설관리공단 공고 (11.15~11.21),취업,문헌정보학과
UN ECONOMIC AND SOCIAL COMMISION FOR ASIA AND THE PACIFIC 인턴 모집 (10.01-2017.3.30),취업,문헌정보학과
숙명여자대학교 직원 모집 (접수: 11.04.10:00~11.13.24:00),취업,문헌정보학과
(사)한국대학도서관연합회 직원 채용 공고 (~11.10),취업,문헌정보학과
국립중앙도서관 기간제 근로자(자료수집과) 채용 공고,취업,문헌정보학과
중랑구 시설관리공단 청년고용 직원 공개경쟁 채용공고 (10.28~11.3),취업,문헌정보학과
[한국전자통신연구원] 2017년 2월 정규직 채용공고 (~11.9),취업,문헌정보학과
(재)성북문화재단 직원 채용 공고 (10.18-10.24),취업,문헌정보학과
국방과학연구소 2016년도 하반기 정규직/전문계약직 공개 채용 (10.10-10.24),취업,문헌정보학과
송파구시설관리공단 직원 공개경쟁 채용 공고(10.14-10.20),취업,문헌정보학과
[2017 KF글로벌챌린저 모집] 싱크탱크/박물관/도서관/한국어교육/유럽의회 인턴십,취업,문헌정보학과
2016년도 사서직공무원 경력경쟁채용시험 시행계획 공고,취업,문헌정보학과
‘청년에게 힘이 되는 국회! 2016 대한민국 취업박람회’,취업,문헌정보학과
구로문화원 직원(구립도서관 사서) 채용공고(~9.7),취업,문헌정보학과
(재)화성시문화재단 직원 채용 공고,취업,문헌정보학과
성북문화재단 직원 채용 공고 (모집기간: 7월 12일~7월 18일),취업,문헌정보학과
국방과학연구소(ADD)직원 모집 공고,취업,문헌정보학과
2016년 경찰청 일반직 경력경쟁채용시험계획 공고,취업,문헌정보학과
[경희대학교 중앙도서관 계약직원 모집],취업,문헌정보학과
연세대학교 학술정보원 사서 계약직원 모집 (~5.9),취업,문헌정보학과
강서구립 가양도서관 순회사서 채용 공고(~5.10),취업,문헌정보학과
송파구시설관리공단 기간제 근로자 모집 공고(~5.10),취업,문헌정보학과
[채용공고] 와이즈네스코 직원 채용 공고,취업,문헌정보학과
[채용공고](주)퓨쳐누리 직원 모집 공고,취업,문헌정보학과
영등포문화재단 직원 모집 공고(4. 21(목) ～ 4. 27(수) ),취업,문헌정보학과
「한국해양과학기술원」계약직 인재채용,취업,문헌정보학과
[채용공고] (주)인젠트 직원 채용 공고(정규직) ~채용시까지,취업,문헌정보학과
"(채용예고) 국방과학연구소 (정규 1, 전문계약 2)",취업,문헌정보학과
IPTV 리포터 18기 모집(~16.3.31),취업,문헌정보학과
[채용공고] (주)인젠트 직원 채용 공고(정규직) ~채용시까지,취업,문헌정보학과
문헌정보학과 실습실 도우미 를 모집합니다.,취업,문헌정보학과
서대문구립도서관 기간제직원(작은도서관 전담사서) 채용 공고,취업,문헌정보학과
UN 도서관 인턴쉽 안내,취업,문헌정보학과
한국수출입은행 기록물관리 전문가 채용공고,취업,문헌정보학과
[문헌정보] 미국 하와이 대학교 도서관 인턴 파견 (제3기) 설명회,취업,문헌정보학과
숙명인과 함께하는 “취업성공패키지”,취업,문헌정보학과
[김&장 법률사무소] 도서실 사서(~2.3),취업,문헌정보학과
(재)용인문화재단 2016년도 직원공개경쟁채용 공고 (1.20-1.26),취업,문헌정보학과
[문헌정보] 단축근무 안내,공지,문헌정보학과
순헌관 공사로 인한 학과 사무실 이전 안내(1.7기준: 전화가능),공지,문헌정보학과
[ 서울대학교 ]각 부분 직원 채용 (~01/05)_사서포함,취업,문헌정보학과
서대문구립도서관 계약직 및 개관시간연장운영 직원 채용 공고,취업,문헌정보학과
관악문화관도서관 직원 채용 공고(~12.31),취업,문헌정보학과
(재)종로문화재단 무기계약직 채용 공고(접수기간-12.15~12.21),취업,문헌정보학과
서대문구립도서관 개관시간연장사업 및 계약직 직원 채용 공고(~12.14),취업,문헌정보학과
대한출판문화협회 계약직원 채용공고 (- 12/4),취업,문헌정보학과
[서울] 한양여자대학교 도서관 계약직 사서 1명 모집(~11/22),취업,문헌정보학과
2016년 예술의전당 직원 채용 공고(~12.1),취업,문헌정보학과
[서울]연세대학교 도서관(멀티미디어센터) 사서 1명 모집(-11.25),취업,문헌정보학과
동대문구 시설관리공단 사서채용 공고(~11.17),취업,문헌정보학과
동국대학교(서울캠퍼스) 직원 채용 공고,취업,문헌정보학과
성동문화재단 직원 채용 공고(~11/15),취업,문헌정보학과
강동구도시관리공단 현업직 채용 공고(~11/15),취업,문헌정보학과
연세대학교 학술정보원 계약직 사서 모집(~11/15),취업,문헌정보학과
동작도서관 지방공무원 대체 일용직 채용 공고문,취업,문헌정보학과
세민법인 위탁 도서관 (강서구립 곰달래 도서관) 직원 채용공고 [-10/27],취업,문헌정보학과
2015년 10월 노원구 구립도서관 사서직 채용 공고(~10.25),취업,문헌정보학과
[서울] 송파어린이도서관 계약직 사서 채용 공고 (~10/14),취업,문헌정보학과
[채용재공고] (주)인젠트 직원 채용 공고(정규직) ~10/18,취업,문헌정보학과
[안내] 제52회 전국도서관대회 자원봉사자 모집(9/10~9/25),공지,문헌정보학과
(주)인젠트 직원 채용 공고(정규직),취업,문헌정보학과
2015 국회도서관 발전을 위한 국민제안 공모 안내,공지,문헌정보학과
지식베이스 구축 인턴 채용 안내,취업,문헌정보학과
신규직원 채용 공고,취업,문헌정보학과
영등포문화재단 직원 모집 공고,취업,문헌정보학과
인하대학교 정석학술정보관 사서직 채용공고,취업,문헌정보학과
청년 취업역량 강화 사업 참가 안내,취업,문헌정보학과
국방과학연구소 기술정보실원 모집 공고 안내,취업,문헌정보학과
(재)광주비엔날레 디지털아카이브 구축사업 전문인력 공개채용,취업,문헌정보학과
예일여고 사서 정식교사 채용,취업,문헌정보학과
국방과학연구소 기술정보실 직원 공모에 대한 공고,취업,문헌정보학과
2015 서울국제도서전 서포터즈 모집 공고,취업,문헌정보학과
KF 글로벌챌린저 2015 KF 도서관 인턴십 관련 공지,공지,문헌정보학과
2015년 제3회 인천광역시남구 지방임기제 공무원 채용계획 공고,취업,문헌정보학과
미국 하와이 대학교 도서관 인턴 파견 설명회 공지,취업,문헌정보학과
국회도서관 사서직 5급 공개시험 공고 안내,취업,문헌정보학과
이화여자대학교 사서 채용 공고,취업,문헌정보학과
국민건강보험공단 기간제 계약직 사서 모집 공고,취업,문헌정보학과
2015년도 상반기 한국학생점자도서관 실습생 모집 공고,취업,문헌정보학과
성결대학교 계약직 사서 모집 공고,취업,문헌정보학과
서대문구립도서관 기간제 현업직 직원 모집 공고,취업,문헌정보학과
한국지식재산연구원 실습교육생 및 인턴 모집 공고,취업,문헌정보학과
한영중학교 사서 대체인력 모집 공고(원서 접수 2014.08.16까지),공지,문헌정보학과
[국립중앙도서관] 제6회 대학(원)생 도서관 선진화 논문 현상공모 안내,공지,문헌정보학과
[미국대사관초청] 연사 프로그램 '도서관이 삶을 바꾼다' 강연 안내,공지,문헌정보학과
2014학년도 문헌정보학과 교직과정이수 예정자 선발 안내(7.8-7.14),공지,문헌정보학과
[참가자 모집] 2014 KF 글로벌 도서관 인턴십 (6.25-7.16),취업,문헌정보학과
숙명여대 중앙도서관 학술정보서비스팀 계약직 직원 모집,취업,문헌정보학과
2014년 서울대학교직원 채용,취업,문헌정보학과
[CJ그룹] 2014 상반기 대졸공채 모집요강,취업,문헌정보학과
2014학년도 선정관광고등학교 기간제교사 채용 공고,취업,문헌정보학과
세경고등학교 사서 및 행정실무사 채용 공고,취업,문헌정보학과
도서관 솔루션 전문기업 (주)이씨오 신입/경력사원 모집,취업,문헌정보학과
재단법인 동아시아연구원(EAI) 장학생 선발,공지,문헌정보학과
주한캐나다대사관 Resouce Centre 코디네이터 모집,취업,문헌정보학과
[채용]2013년도 제 29회 입법고시 시행공고(사서직 채용),취업,문헌정보학과
2013 숙명 하계 전공별 글로벌 탐방단 문헌정보학과 2팀 최종선발,공지,문헌정보학과
"학생지도의 날, 전공설명회-2012.11.08",공지,문헌정보학과
LIS Special Lecture: Mr. Christopher Hollister (2012.10.10),취업,문헌정보학과
〔모집〕숙명역사관 자기계발장학생(학부생) 모집,공지,문헌정보학과
[채용] 숙명여자대학교 중앙도서관 사서직 모집,취업,문헌정보학과
[은평구립도서관]사서 실습생 모집 공고,취업,문헌정보학과
[국회도서관] 사서 실습생 모집 공고,취업,문헌정보학과
〔서울목원초등학교〕 도서관 사서보조원 모집 공고,취업,문헌정보학과
[국립중앙도서관] 사서 실습생 모집 공고,취업,문헌정보학과
[구인] (주) 인터웍스미디어 단기 아르바이트생 모집 안내,취업,문헌정보학과
[정보센터 도서관 출판실습],취업,문헌정보학과
산업기술대학교 도서관 사서 모집,취업,문헌정보학과
[강좌] 예비사서 학교 안내,취업,문헌정보학과
2012년 의정부n하나로통합도서관 기간제 근로자 채용 공고,취업,문헌정보학과
[인턴십]삼성미술관 리움 인턴십 선발 공고,취업,문헌정보학과
[급구]성서학도서관 알바 사서 모집,취업,문헌정보학과
미국대사관 아메리칸센터 직원채용 공고,취업,문헌정보학과
의학관련 문헌 검색 파트타임 모집 공고,취업,문헌정보학과
[알바]방위사업청 클린서포터즈 모집 공고,취업,문헌정보학과
[급구]북한이탈주민지원재단 단기 보조인력 채용,취업,문헌정보학과
[포럼] 글로벌 인재포럼 2011 안내,취업,문헌정보학과
[컨퍼런스]2011 OAK Conference,공지,문헌정보학과
[채용공고]한국수출입은행 기록물관리전문가,취업,문헌정보학과
[대학원]9월 포럼 및 세미나 안내,공지,문헌정보학과
KOFLA 한국학도서관 전문자원봉사자 교육프로그램 안내,공지,문헌정보학과
한국교육학술정보원(KERIS) 알바,취업,문헌정보학과
2011-2학기 IPTV 리포터 모집,공지,문헌정보학과
건국대학교 법학전문도서관 준사서 모집공고,취업,문헌정보학과
실습실 이용 알림,공지,문헌정보학과
[공지]2011년도 교직복수전공 이수예정자 선발안내,공지,문헌정보학과
[급구]선린중학교 계약직 사서교사 모집,취업,문헌정보학과
[아르바이트] 산림조합중앙회 고문서 정리,취업,문헌정보학과
"특집다큐멘터리 ""새도서관""",취업,문헌정보학과
서울디자인재단 정규직 채용,취업,문헌정보학과
[문헌정보학과 실습실] 실습실 pc 교체 및 프로그램 버전 업,취업,문헌정보학과
한국기술교육대학교 도서관 자료정리원 모집,취업,문헌정보학과
2011학년도 2학기 강의시간표 변경 안내,공지,문헌정보학과
[대학원]송곡대학 학부시간강사 급구,공지,문헌정보학과
문정탐방대 - 4차 전국탐방(강원도),공지,문헌정보학과
2011년도 미국 버지니아(fairfax)해외교사인턴십 관련 공고,취업,문헌정보학과
인천하늘고등학교 사서교사 채용,취업,문헌정보학과
2011-2학기 학.석사연계과정생 모집,공지,문헌정보학과
건국대 법학도서관 계약직 사서 모집,취업,문헌정보학과
숙명여자대학교 직원(사서)채용 공고,취업,문헌정보학과
[대학원] 경제.인문사회연구회 직원 모집,취업,문헌정보학과
[대학원] SK가스에서 Project참여자를 모집합니다.,취업,문헌정보학과
[세미나 안내] 관심있는 학생들의 많은 참여 바랍니다.,공지,문헌정보학과
남한고등학교 나래도서관 사서교사 모집,취업,문헌정보학과
성북구 느티나무 도서관 사서 채용 안내,취업,문헌정보학과
전자부품연구원(KETI) 단기 아르바이트 채용,취업,문헌정보학과
문헌정보학과 실습실 방학중 이용안내,공지,문헌정보학과
삼성미술관 Leeum 제13기 인턴십 모집,취업,문헌정보학과
송파어린이 도서관 실습인턴 모집,취업,문헌정보학과
"방학중 기업실무인턴쉽(남산,문래도서관, 영일초등학교 도서관)",취업,문헌정보학과
2011년 교직이수과정이수예정자 선발안내,공지,문헌정보학과
국가기록원 경제기록관리과 인력 모집,취업,문헌정보학과
광문고등학교 계약직 사서교사 채용공고,취업,문헌정보학과
[필독] 2011년 8월 졸업논문 지도교수 배정,공지,문헌정보학과
2011년도서울특별시교육청지방공무원 신규임용시험시행계획공고,공지,문헌정보학과
"국립예술자료원 ""2011년 예술기록관리전문인력양성 무료교육""",취업,문헌정보학과
[아시아여성연구소] 제 2기 다문화가정 튜터 자원봉사자 모집,공지,문헌정보학과
[필독] 2012년 2월 졸업에정자 졸업신청 안내,공지,문헌정보학과
졸업촬영 일정 안내,공지,문헌정보학과
세민정보고등학교 도서관 기간제 사서 모집,취업,문헌정보학과
"한국교육학술정보원 직원 모집(계약직원, 인턴직원)",취업,문헌정보학과
[로펌 김앤장] 계약직 사서 모집,취업,문헌정보학과
백남준 라이브러리 자원봉사 협조 의뢰,공지,문헌정보학과
인천 능허대 초등학교 기간직 사서교사 모집,취업,문헌정보학과
한국과학기술원(KIST) 도서관 사서 모집,취업,문헌정보학과
장안중학교 사서교사 모집,취업,문헌정보학과
IPTV 리포터 8기 추천,취업,문헌정보학과
덕수중학교 사서교사 모집,취업,문헌정보학과
학사 후 과정 - 교외 인턴 프로그램 모집,취업,문헌정보학과
(주)다큐스토리지 직원 채용,취업,문헌정보학과
석관중학교 도서관 사서 모집 공고,취업,문헌정보학과
(주)제이알엠 정규직 영업사원 모집공고,취업,문헌정보학과
서가배열정리 자원봉사자 모집,취업,문헌정보학과
LG 상남 도서관 디지털사서 채용공고,취업,문헌정보학과
인천 북구 도서관 아르바이트모집,취업,문헌정보학과
국립중앙도서관 온라인DB구축 인력모집,취업,문헌정보학과
2010학년도 2학기 졸업논문제 시행안내,공지,문헌정보학과
2010학년도 공모전 장학금 신청 안내 공지,공지,문헌정보학과
오픈액세스코리어 컨퍼런스 안내,공지,문헌정보학과
10월 13일 프리젠테이션 특강 안내,공지,문헌정보학과
한국문헌정보학회 창립 40주년 기념 국제학술대회,공지,문헌정보학과
2010년도 서울대학교 국가공무원(사서) 제한경쟁특별채용시험 공고,취업,문헌정보학과
학술DB서비스 산업 활성화를 위한 공공-민간 상생 협력 토론회,취업,문헌정보학과
국립중앙 온라인 자료 수집 및 메타데이터DB 구축사업 아르바이트,취업,문헌정보학과
[급구]숭문고등학교 도서관,취업,문헌정보학과
학술강연회가 있습니다.,공지,문헌정보학과
교보문고에서 MARC전문 아르바이트를 모집합니다.,취업,문헌정보학과
수강신청과 관련하여 공지사항 올립니다.,공지,문헌정보학과
도서관 전자정보지원팀 자기계발장학생 모집,취업,문헌정보학과
2010학년도 교직과정이수예정자 선발안내,공지,문헌정보학과
[서울/주5일] 삼성생명 사서 모집,취업,문헌정보학과
영등포구 문래정보문화도서관 봉사활동,공지,문헌정보학과
대외경제정책연구원 인턴 채용 공고,취업,문헌정보학과
신광여자고등학교 도서실 자원봉사자 모집,취업,문헌정보학과
문헌정보학과 대학원 2차 종합시험 안내,공지,문헌정보학과
문헌정보학과 전공설명회 안내,공지,문헌정보학과
[급구] 한빛초등학교 사서 채용 공고,취업,문헌정보학과
다문화어린이도서관 모두에서 일하실 분을 모집합니다,취업,문헌정보학과
소나무언덕4호 작은도서관 직원 모집,취업,문헌정보학과
문헌정보학과 특강-사서교사의 역할,취업,문헌정보학과
서강대학교 신입직원 사서 채용 공고,취업,문헌정보학과
노원정보도서관 직원 공개채용 공고,취업,문헌정보학과
2010년 1학기 졸업논문제 시행 일정 안내,공지,문헌정보학과
2010년 졸업앨범 촬영 안내 (수정),공지,문헌정보학과
개인정보 변경 요망,공지,문헌정보학과
국가기록원 제4기 나라기록넷띠 모집,취업,문헌정보학과
한국데이터베이스진흥원(KDB) 아르바이트 모집안내,취업,문헌정보학과
서가정리 아르바이트생 모집,취업,문헌정보학과
2010년도 1학기 국가근로장학생 모집,공지,문헌정보학과
시흥고등학교 사서 모집,취업,문헌정보학과
종합시험 안내,공지,문헌정보학과
리더쉽도서관 행정인턴 모집,취업,문헌정보학과
국립중앙도서관 2010년도 도서관 실무수습 수요조사 실시,공지,문헌정보학과
국립중앙도서관 비정규직 근로자 채용공고(~2/10),취업,문헌정보학과
한국영상자료원 기간제 근로자 채용공고(~2/16),취업,문헌정보학과
(주)엠넷미디어 영상자료실 파견직 급구( ~2/8),공지,문헌정보학과
한국예술종합학교 예술정보관 계약직(사서) 채용 공고 (~2/8),취업,문헌정보학과
서울아산병원 의학도서관 기간직 모집 ( -2/7),취업,문헌정보학과
SOOKMYUNG TESOL 자료실 행정조교(~2/12),공지,문헌정보학과
서울청계초등학교 도서실 직장체험 연수생 모집(~2/6),취업,문헌정보학과
DB 입력 아르바이트 모집(~ 2/5),취업,문헌정보학과
방송국 영상자료분류/입력 아르바이트 (~2/16),공지,문헌정보학과
삼성서울병원 사서-계약직 (~2/5),취업,문헌정보학과
한국보건사회연구원 인턴 채용 공고(~2.3),취업,문헌정보학과
대외경제정책연구원 행정인턴 (1.25-2.3),취업,문헌정보학과
건국대학교 정사서 모집(~2/12),취업,문헌정보학과
KBS 방송콘텐츠팀 방송자료 모집(~1/27),취업,문헌정보학과
아세아연합신학대학교 사서직 모집,취업,문헌정보학과
한국자산관리공사 정사서 모집(~1/29),취업,문헌정보학과
[급] 서울시립대학교 중앙도서관 아르바이트 모집(~1/27),취업,문헌정보학과
중앙일보 편집국 정보검색사 사원모집(~1.28),취업,문헌정보학과
마포구립 서강도서관 2010년 계약직 사원 모집(~1. 28),취업,문헌정보학과
중동고등학교 도서관 직장체험연수생 모집( ~1. 25),취업,문헌정보학과
SBS 방송국 자료실 아르바이트 1명 모집 (1.21-1.27),취업,문헌정보학과
건국대 상허기념도서관 행정조교 모집 (1/22 - 1/26),공지,문헌정보학과
[급]서울대학교 행정인턴 채용 재공고(~1.22. 17:00),취업,문헌정보학과
노동부 본부(과천청사) 행정인턴 채용 공고,취업,문헌정보학과
[급] 서울문화재단 행정스텝 채용 공고(~1. 22 9:00까지),취업,문헌정보학과
소방방재청 행정인턴 채용 공고(~1.23),취업,문헌정보학과
국회도서관 행정인턴 사서 28명(1.19-29),취업,문헌정보학과
[급]국회도서관 전문계약직공무원 채용공고(~1월 22일),취업,문헌정보학과
공주대학교 국가직 채용-사서(사서서기보) 3명,취업,문헌정보학과
POSTECH 사서 채용 공고(1.20~29),취업,문헌정보학과
2010년 동대문구정보화도서관 전산직 채용 공고,취업,문헌정보학과
[급] 신용보증기금 도서실 업무보조,취업,문헌정보학과
서고정리 아르바이트 모집(단기),취업,문헌정보학과
[대학원] 교과과정 안내,공지,문헌정보학과
"""정보센터 도서관 출판실습(학수번호:02795)"" 교과목 수강신청",취업,문헌정보학과
2009년도 한국문헌정보학회 추계 학술대회,공지,문헌정보학과
"""제46회 전국도서관대회"" 개최안내 및 참가 협조",공지,문헌정보학과
미국 대사관 인턴십 공고,취업,문헌정보학과
[급구] 한국장학재단-도서운영실 관리,취업,문헌정보학과
[카툰네트워크코리아 계약직 사원모집],취업,문헌정보학과
[대학원세칙]교과과정 및 수업,공지,문헌정보학과
DC-2009 서울 국제회의 개최 안내,취업,문헌정보학과
2009 미국대사관자료정보센터 워크샵 개최 안내,취업,문헌정보학과
1학년 직무이해 캠프 참가자 모집,공지,문헌정보학과
사서교사 모집 (계약직),취업,문헌정보학과
2009년도 2학기 미래한국 100년 인문학장학생 선발안내,공지,문헌정보학과
2009학년도 교직복수전공이수예정자 선발안내,공지,문헌정보학과
[대학교육 역량강화 사업]2009 동계 전공별 글로벌 탐방학습 프,공지,문헌정보학과
2009년 하반기 직원 채용 공고,취업,문헌정보학과
제 16회 한국정보관리학괴 학술대회 발표논문 모집,공지,문헌정보학과
[육아정책개발센터] 아르바이트 모집 공고,취업,문헌정보학과
[채용공고] 롯데백화점 본사 도서자료실 장기 아르바이트 모집,취업,문헌정보학과
[채용공고]송파SLP직영학당 영어사서 모집,취업,문헌정보학과
[채용공고] 광문고등학교 사서보조(일용직),취업,문헌정보학과
"*긴급모집* ㈜LS 아르바이트 모집 (도서정리, 분류, 목록작업)",취업,문헌정보학과
2009년 사서직 채용 안내,취업,문헌정보학과
국립어린이청소년도서관 제3회 국제심포지엄 자원봉사자 모집,취업,문헌정보학과
외교통상부 다자통상협력과 계약직 사서 채용,취업,문헌정보학과
(주)오티앤씨 아르바이트 직원 모집 공고,취업,문헌정보학과
[국가기록원]제3기 온라인 서포터즈 모집,취업,문헌정보학과
2009학년도 1학기 국가근로장학생 모집,공지,문헌정보학과
[공지]학과홈페이지 및 클럽운영 안내,공지,문헌정보학과
문헌정보학도 기관탐방 모집,공지,문헌정보학과
국회도서관DB구축 프로젝트 인턴 채용 공고,취업,문헌정보학과
[공지]교통안전공단 청년인턴 위촉연구원 채용 공고,취업,문헌정보학과
[공지]2008학년도 2학기 문헌정보학 전공 졸업논문 지도교수 배,공지,문헌정보학과
[공지]숙명여대 일반행정직 직원채용 공고,취업,문헌정보학과
[공지]서울고등검찰청 행정인턴 채용 공고,취업,문헌정보학과
[공지]공공도서관 (시내소재) 인턴 모집(1명),취업,문헌정보학과
[공지]2008학년도 1학기 문헌정보학전공 졸업논문 지도교수 배정,공지,문헌정보학과
[공지] 졸업인증제 변경에 관한 안내,공지,문헌정보학과
[공지] 교육실습 및 도서관 실습 신청 안내,공지,문헌정보학과
[공지] 교직실습관련 공지,공지,문헌정보학과
2007년 1학기 강의시간표 변경 안내문,공지,문헌정보학과
[공지] 국립중앙도서관 사서실습생 추가 모집 (선착순 1명) -,취업,문헌정보학과
국립고궁박물관 자료실 단기 기간제근로자 채용,취업,문헌정보학과
구의중학교 도서실 사서 채용 공고,취업,문헌정보학과
[관모초] 사서 직원 채용 공고(4/25까지 접수),취업,문헌정보학과
영인문학관 사서 인턴사원 모집안내,취업,문헌정보학과
경기도 공무원 채용공고안내,취업,문헌정보학과
[공지] 온라인정보검색연습 수업안내,공지,문헌정보학과
[공지] 2007학년도 2학기 졸업논문 안내,공지,문헌정보학과
서울여자고등학교 도서관 야간사서 모집,취업,문헌정보학과
"현대,기아자동차그룹 ㈜케피코 비서 모집공고",취업,문헌정보학과
인제대학교 사무조교 모집,취업,문헌정보학과
"선거연수원 아르바이트(정리, 분류, 목록 작업) 모집",취업,문헌정보학과
2008년도 학회장 & 사서교사자료 & 인사,공지,문헌정보학과
한국장애인재활협회 아르바이트 공고,취업,문헌정보학과
Shepherd University 도서관 사서 모집,취업,문헌정보학과
서울대학교 도서관(공무원) 채용 공고 안내,취업,문헌정보학과
2008학년도 학회장단 선거 및 기말고사 간식배부,공지,문헌정보학과
방송인의 직업세계 및 자질분야 취업특강 안내,공지,문헌정보학과
한국문화관광연구원 아르바이트 모집,취업,문헌정보학과
대한건축사협회 정보자료실 기록관리 계약직 모집,취업,문헌정보학과
선거연수원 아르바이트(정리 분류 작업) 모집,취업,문헌정보학과
"""문헌정보학과 학술제""",공지,문헌정보학과
디지털아카이브- 자료,공지,문헌정보학과
외교통상부 중동과 계약직 사서모집 안내,취업,문헌정보학과
홍익대학교병설 경성고등학교 사서교사 초빙안내,취업,문헌정보학과
"""2008년도 학회장단 후보 등록""",공지,문헌정보학과
서강대학교 도서관정리실 계약직원모집,취업,문헌정보학과
국제백신연구소 계약직 모집,취업,문헌정보학과
2007년 숙명영어토론대회 개최 안내,공지,문헌정보학과
한국. 독일 디지털 도서관 컨퍼런스 개최 알림,취업,문헌정보학과
한국개발연구원(KDI) 경제정보센터 계약직 사서 모집,취업,문헌정보학과
(주)쌈지에서 인턴십 모집,취업,문헌정보학과
부천종합사회복지관 자원봉사자 모집,취업,문헌정보학과
[대학원공지] 디지털아카이브방법론 수강희망자 필독,공지,문헌정보학과
한국보건사회연구원 계약직 모집,취업,문헌정보학과
국립중앙도서관 사서직공무원 제한경쟁 특별채용시험,취업,문헌정보학과
2007학년도 제1학기 수업평가 실시안내,공지,문헌정보학과
국회도서관 2007년도 예비사서 실무수습 1월 12일까지 신청하세,취업,문헌정보학과
노원정보도서관 2007년도 예비사서 실무수습 1월 10일까지 신청,취업,문헌정보학과
오경묵 교수님 과목 성적 확인,공지,문헌정보학과
국립중앙도서관(겨울방학) - 마감,취업,문헌정보학과
[공지]한순정 장학금 신청 받습니다.,공지,문헌정보학과
[범한서적]-수입업무 1명 구인 정보입니다.,취업,문헌정보학과
(주)러닝 메이트에서 알바생 모집합니다.,취업,문헌정보학과
국가기록원 채용예정 안내,취업,문헌정보학과
한국문학번역원 직원채용 공고,취업,문헌정보학과
"서울대학교도서관, 국회도서관 사서모집안내",취업,문헌정보학과
홍익대학교 중앙도서관 사서직 조교 모집 공고,취업,문헌정보학과
삼성 에버랜드에서 자료실 직원을 모집합니다.,취업,문헌정보학과
주식회사 한화 종합연구소 취업공고,취업,문헌정보학과
경영 컨설팅 회사 이언그룹 채용공고,취업,문헌정보학과
이퍼블릭(범문사)신입/경력직원 채용공고,취업,문헌정보학과
(주)신원데이터넷 직원 채용 추천,취업,문헌정보학과
서울특별시 사서교사 임용고시 차석,취업,문헌정보학과
케이블TV방송협회 자료실 라벨작업(아르바이트 긴급구함),취업,문헌정보학과
[외교통상부]계약직 사서 채용공고,취업,문헌정보학과
[Personal Branding Workshop] 개최,취업,문헌정보학과
[문헌정보학과 2006년 2학기 전공설명회]개최,공지,문헌정보학과
"어린이도서관탐방-버스대절,식사제공",공지,문헌정보학과
SM-PAIR 신입회원 모집,취업,문헌정보학과
이번주 행사안내입니다.(8월 23일 수요일),취업,문헌정보학과
행사 신청받습니다.,공지,문헌정보학과
8월 10일 행사 안내입니다. - University of Wis,공지,문헌정보학과
'SM_Archives' - Milennium Archivist,취업,문헌정보학과
숙명여대 문헌정보학과 주관 IFLA 행사 안내,공지,문헌정보학과
'정보시스템론(나군/00615)' 수강 신청시 유의사항,공지,문헌정보학과
2006-2학기 문헌정보학과 실습실 도우미를 모집,공지,문헌정보학과
2006학년도 교직과정이수예정자를 선발안내,공지,문헌정보학과
걸프 항공사 제2기 한국인 승무원 모집,취업,문헌정보학과
2006년도 국립중앙도서관 사서직공무원 특별채용시험 시행,취업,문헌정보학과
Field Trip & M.T !!,취업,문헌정보학과
대학원 졸업논문 중간심사 안내,공지,문헌정보학과
"문헌정보학과 2006년 후반기 대학원 석사, 박사과정 모집.",취업,문헌정보학과
국회도서관 세미나,취업,문헌정보학과
문헌정보학과 2006년 박사과정 모집,취업,문헌정보학과
노원정보도서관 2006년도 예비사서 실무수습 신청하세요.,공지,문헌정보학과
대학원생 - 도서관 EndNote (Windows Version,취업,문헌정보학과
문헌정보학과 홈페이지관리 학부생을 모집합니다.,공지,문헌정보학과
취업가이드북 배부,취업,문헌정보학과
2006학년도 문헌정보학과 한순정 장학금 신청하세요.,공지,문헌정보학과
국립중앙도서관 2006년도 예비사서 실무수습 조사,공지,문헌정보학과
[공지]2006-1학기 실습실 도우미 모집 안내,공지,문헌정보학과
학부 '전자출판' 수업 추천합니다^^,공지,문헌정보학과
2006서울세계도서관정보대회 자원봉사자 모집,취업,문헌정보학과
문헌정보학과 홈페이지관리 학부생모집,공지,문헌정보학과
06학번과 재학생 전공설명회 및 도서관투어가 있습니다.,공지,문헌정보학과
2006학년도 외부장학생 신청하세요,공지,문헌정보학과
정보자원개발 특강 안내(오경묵 교수님),공지,문헌정보학과
전공설명회 합니다~,공지,문헌정보학과
"[2006학년도 전기 대학원 석,박사학위과정 학생모집 주요사항]",공지,문헌정보학과
겨울방학 도서관 실습 신청해주세요!,공지,문헌정보학과
[특강]미국국립의회도서관(LC)에 대하여,취업,문헌정보학과
가을! 숙명인의 시축제 설명회,공지,문헌정보학과
학교도서관 정상화 및 사서교사배치 촉구를 위한 결의대회,취업,문헌정보학과
가을! 숙명인의 詩 축제 - PoeticFestival,공지,문헌정보학과
실습실 도우미 추가모집안내,공지,문헌정보학과
정보자원개발 참고자료 실습실 비치안내,취업,문헌정보학과
실습실 도우미 신청하세요~(9/1~9/7),공지,문헌정보학과
『명강사가 되는 프리젠테이션 기법』 개최 안내,취업,문헌정보학과
일본취업IT인력연수,취업,문헌정보학과
우리학과홈페이지관리학부생모집.,공지,문헌정보학과
05' 2학기 멘토프로그램 공지,공지,문헌정보학과
[졸업촬영대상자]사복서류사진 찍으신 분들~,공지,문헌정보학과
졸업촬영사진대상자들 보세요.,공지,문헌정보학과
전공설명회 합니다..~~,공지,문헌정보학과
축제 도우미 신청하세요,공지,문헌정보학과
졸업사진촬영한분들 필독하세요!!,공지,문헌정보학과
졸업사진촬영대상자분들~,공지,문헌정보학과
[모집]리더십 보고서 작성 도우미!,공지,문헌정보학과
[공지]후기 보내주세요.,공지,문헌정보학과
필드트립 출석증 배부,공지,문헌정보학과
필드트립 기념품 배부!,공지,문헌정보학과
필드트립동안 찍은 사진 보내주세요!,취업,문헌정보학과
[졸업사진촬영관련]메이크업 예약 안내,공지,문헌정보학과
리더십 주간 Field Trip 등록하세요,공지,문헌정보학과
졸업사진관련글입니다.,공지,문헌정보학과
2005 홍콩 하계 영어연수 & 리더십 프로그램,공지,문헌정보학과
도서관 행정인턴십 모집합니다,취업,문헌정보학과
[학생회 공지]학생회 학생들 보세요.,공지,문헌정보학과
[공지]M.T 및 Field Trip 신청하세요,공지,문헌정보학과
[공지] 사물함이요,공지,문헌정보학과
[공지] MT & Field Trip갑니다 신청받아요~~~,공지,문헌정보학과
우리과 홈페이지 관리할 학생을 구합니다.,공지,문헌정보학과
2004학년도 2학기 학기우등생 시상식 안내[3/24],공지,문헌정보학과
'리더십주간' 안내[4/27~29],공지,문헌정보학과
문정인여러분~엠티갑시다.,취업,문헌정보학과
홈페이지 많이 애용해주세요.^^,공지,문헌정보학과
2017학년도 후기(2018년 8월) 조기졸업 신청 안내,공지,수학과
2018 숙명라이프아카데미 참가자 모집,공지,수학과
영어인증제폐지공고,공지,수학과
[졸업] 학부 졸업사정결과(졸업/수료/계속수학/졸업불가) 조회 안내-2017학년도 전기(2018년 ...,공지,수학과
2018년 중등교사 임용시험 수학과 합격자,취업,수학과
2017학년도 후기(2018.8월) 졸업자 1차 졸업시험신청안내,공지,수학과
금융수학 5th mini-workshop(1/29-30),공지,수학과
2018학년도 1학기 학·석사 연계과정생 모집,공지,수학과
2017학년도 전기(2018년 2월 졸업) 재학생 졸업예정자 계속수학 신청 안내,공지,수학과
수학과 세미나(12/29)-심규철 교수님,공지,수학과
2018년 과목개편 관련 FAQ,공지,수학과
졸업시험'나'군 변경,공지,수학과
수학과 개설과목 변경,공지,수학과
콜로키움 - 김종락 교수님 (12/7),공지,수학과
콜로키움 - 김영주 교수님 (11/30),공지,수학과
콜로키움 - 하승열 교수님 (11/23),공지,수학과
콜로키움 - 현윤경 박사님 (10/26),공지,수학과
[졸업] 2017학년도 전기(2018.2월) 졸업인증일정 및 서류제출일정안내,공지,수학과
콜로키움 - 강완모 교수님 (9/21),공지,수학과
2017-2 콜로키움공지,공지,수학과
2017학년도 전기(2018년 2월) 조기졸업 신청 안내,공지,수학과
[졸업] 학부졸업사정결과(졸업/수료/계속수학/졸업불가) 조회 안내-2016학년도 후기(2017년 8...,공지,수학과
금융수학세미나(6/29목),취업,수학과
여름학교 시간표(8/28-8/30),취업,수학과
제1회 수학과 여름학교(8/28-8/30),취업,수학과
금융수학 세미나-6/16(2),공지,수학과
금융수학세미나-6/16(1),공지,수학과
[수학과] 행정관리조교 (구 취업조교) 마감,취업,수학과
2017수학과 제1전공 교직이수자 선발안내,공지,수학과
수학과 선배의 취업특강,취업,수학과
5/25일 콜로키움 취소안내,취업,수학과
콜로키움- 4/27 박세영 연구원,취업,수학과
수학과 2차 졸업시험 신청,공지,수학과
콜로키움-임경수교수님(4/6),공지,수학과
[제 4회 BIO 창업 아이디어 경진대회 참가안내],공지,수학과
2017-1 콜로키움공지,공지,수학과
2016후기(2017년 8월) 졸업논문제 신청 및 졸업인증제 제출기간 안내,공지,수학과
콜로키움 - 이기정 교수님 (3/23),공지,수학과
대수기하세미나-권민혁(0217금요일),공지,수학과
[수학과]2017 행정관리조교(구 취업조교) 모집,취업,수학과
2017년 2월 최종 졸업 졸업심사결과 조회 안내,공지,수학과
금융수학세미나(1/17화)-이현준대표님,공지,수학과
금융수학세미나(1/17화)-최진혁교수님,공지,수학과
2017학년도 1학기 학·석사연계과정생 모집요강,공지,수학과
2017년 2월 졸업예정자 계속수학 신청 안내,공지,수학과
[수학과]동계방학 기간 과사무실 단축 근무 안내,취업,수학과
수학과 졸업시험 신청안내,공지,수학과
2016학년도 전기(2017년 2월 졸업) 졸업인증제 심사결과 조회 및 부전공전환 신청 안내,공지,수학과
YMC 2017 안내,공지,수학과
"수학과 12월 23일(금), 30일(금) 사무실 단축근무 실시안내",공지,수학과
수학과 3차 졸업시험 신청,공지,수학과
금융수학 2nd Mini-workshop (12/22목-12/23금),취업,수학과
금융수학세미나(12/16 금),공지,수학과
금융수학세미나(12/13 화),공지,수학과
금융수학세미나(12/9 금),취업,수학과
콜로키움-임보해교수님(12/2),공지,수학과
수학과 15학번 조혜인학생 2016 빅콘테스트(빅데이터 분석 경진대회) 수상,공지,수학과
콜로키움-노건엽박사님 11/24,공지,수학과
2016-2학기 공모전 장학금 선발안,공지,수학과
수학과 2차 졸업시험 공지,공지,수학과
숙명여대 금융수학 세미나(10/7 금),공지,수학과
수료생 졸업일정 안내,공지,수학과
재학생 졸업일정 안내,공지,수학과
콜로키움-김정산 교수님(10/6목),공지,수학과
졸업예정자(최종 학기)의 조기취업 사유 출석인정 시행 안내,공지,수학과
졸업논문제 신청 및 졸업인증제 제출,공지,수학과
콜로키움-김영훈 교수님(9/29),공지,수학과
2016년 2학기 수학과 콜로키움 일정,공지,수학과
콜로키움- 이재욱 교수님(9/8),공지,수학과
2016학년도 전기(2017년 2월) 조기졸업 신청 안내,공지,수학과
2016학년도 교직복수전공이수예정자 선발 안내,공지,수학과
The 1st Mini-Workshop on Mathematical Finance at SMWU,취업,수학과
수학과 8/10 콜로키움 공지,공지,수학과
수학과 개정졸업시험제도 시험범위 공지,공지,수학과
2016학년도 2학기 학석사연계과정생 모집,공지,수학과
수학과 졸업시험 신청 안내,공지,수학과
2016년 8월 졸업예정자 계속수학 신청,공지,수학과
2015학년도 후기 졸업인증제 심사결과 조회 및 부전공전환 신청 안내,공지,수학과
2016학년도 제1전공 교직과정이수예정자 선발 안내,공지,수학과
졸업예정자(재학생) 졸업인증제 제출,공지,수학과
