Title,Division
,
(재)지도자육성재단 참빛장학생 선발안내,장학
,
2008학년도 사리원시 봉산군 장학회 장학생 선발 공고,장학
,
2008학년도 1학기 농촌희망대학 장학생 선발 안내,장학
,
2008 인도네시아정부 초청 Darmasiswa 장학생 선발 안내,장학
,
재단법인 함경북도장학회 2008년도 장학생 모집,장학
,
2008년도 1학기 정부보증 학자금대출 안내,장학
,
한국고등교육재단 장학생 선발,장학
,
2008학년도 산학협동재단 일반장학생 선발안내,장학
,
< 이·공계 인재 육성 장학금 > 8차 장학생 선발 안내,장학
,
“G마켓 희망 장학금” 세부운영 안내,장학
,
2008-1학기 숙명면학장려/후생복지 장학금 장학생 추가선발 안내,장학
,
08년 1월 19일 MATE 졸업자격시험 시행 안내,학사
,
숙명인 영어인재화 프로젝트~~!!,모집
,
[12.24~28] 학생서비스센터 보관습득물 안내,모집
,
"[학부]2008년 1학기 휴학,복학 일정 안내",학사
,
"[대학원]2008년 1학기 휴학, 복학 신청 안내",학사
,
08년 1월 19일 MATE 졸업자격시험 시행 안내,학사
,
교내 행정부서 단기 아르바이트 모집,모집
,
국제언어교육원 영어강좌 강의계획안,모집
,
교양 '결혼과가족' 수강신청 전에 읽어보세요.,학사
,
[경영전문대학원] 전임조교모집,모집
,
2008 미국하계리더십연수 최종 합격자 명단 공지,학사
,
커뮤니티숙명 'e-민원센터'가 달라졌습니다.,모집
,
2008-1학기 숙명면학장려/후생복지 장학금 장학생 추가선발 안내,장학
,
“G마켓 희망 장학금” 세부운영 안내,장학
,
< 이·공계 인재 육성 장학금 > 8차 장학생 선발 안내,장학
,
2008학년도 산학협동재단 일반장학생 선발안내,장학
,
한국고등교육재단 장학생 선발,장학
,
2008년도 1학기 정부보증 학자금대출 안내,장학
,
재단법인 함경북도장학회 2008년도 장학생 모집,장학
,
2008 인도네시아정부 초청 Darmasiswa 장학생 선발 안내,장학
,
2008학년도 1학기 농촌희망대학 장학생 선발 안내,장학
,
2008학년도 사리원시 봉산군 장학회 장학생 선발 공고,장학
,
(재)지도자육성재단 참빛장학생 선발안내,장학
,
08년 1월 19일 MATE 졸업자격시험 시행 안내,학사
,
동파방지 안내(문단속 철저!),학사
,
2008-1 교양교과목 학점취득 특별시험 실시 안내,학사
,
숙명인 영어인재화 프로젝트~~!!,모집
,
장갑잃어버린분-교내여행사,학생
,
[공지] 학칙개정안,학사
,
2007 교직복수(부)전공이수예정자 추가선발안내,학사
,
[경영전문대학원] 전임조교모집,모집
,
박코치 소리영어 훈련소,모집
,
동계 사회봉사교과목 자료 입력 및 제출 안내,학사
,
08년 1월 19일 MATE 졸업자격시험 시행 안내,학사
,
2007년 1월 5일(토) MOS테스트 시간안내,학사
,
2008학년도 1학기 정부보증학자금 대출 안내,장학
,
우수학생장학금 장학생 선발안내,장학
,
2008학년도 1학기 정부보증학자금 대출 안내,장학
,
제21회 국제생물올림피아드 (IBO 2010) 행사 장소 공모,행사
,
항공사별 항공권 특가모음,학생
,
“G마켓 희망 장학금” 세부운영 안내,장학
,
< 이·공계 인재 육성 장학금 > 8차 장학생 선발 안내,장학
,
2008학년도 산학협동재단 일반장학생 선발안내,장학
,
한국고등교육재단 장학생 선발,장학
,
2008년도 1학기 정부보증 학자금대출 안내,장학
,
재단법인 함경북도장학회 2008년도 장학생 모집,장학
,
2008 인도네시아정부 초청 Darmasiswa 장학생 선발 안내,장학
,
2008학년도 1학기 농촌희망대학 장학생 선발 안내,장학
,
2008학년도 사리원시 봉산군 장학회 장학생 선발 공고,장학
,
(재)지도자육성재단 참빛장학생 선발안내,장학
,
우수학생장학금 장학생 선발안내,장학
,
08년 1월 19일 MATE 졸업자격시험 시행 안내,학사
,
[링구아] 박코치 소리영어 훈련소,모집
,
순헌관 옥상 이름,학사
,
[중문] 중어중문학과 전임조교 모집합니다.,모집
,
2008 일본어문화체험 프로그램 연수단 모집,모집
,
호주 및 구주 항공권 항공사별특가모음,학사
,
동계 사회봉사교과목 입력/제출 기간연장,학사
,
“G마켓 희망 장학금” 세부운영 안내,장학
,
< 이·공계 인재 육성 장학금 > 8차 장학생 선발 안내,장학
,
2008학년도 산학협동재단 일반장학생 선발안내,장학
,
한국고등교육재단 장학생 선발,장학
,
2008년도 1학기 정부보증 학자금대출 안내,장학
,
재단법인 함경북도장학회 2008년도 장학생 모집,장학
,
2008 인도네시아정부 초청 Darmasiswa 장학생 선발 안내,장학
,
2008학년도 1학기 농촌희망대학 장학생 선발 안내,장학
,
2008학년도 사리원시 봉산군 장학회 장학생 선발 공고,장학
,
(재)지도자육성재단 참빛장학생 선발안내,장학
,
우수학생장학금 장학생 선발안내,장학
,
각항공사별 특가모음 1,학사
,
호주및 구주 항공권 특가모음,학사
,
08년 1월 19일 MATE 졸업자격시험 시행 안내,학사
,
2008년 아시아 지역 유학생,모집
,
2008학년도 정수장학회 장학생 선발안내,장학
,
“G마켓 희망 장학금” 세부운영 안내,장학
,
< 이·공계 인재 육성 장학금 > 8차 장학생 선발 안내,장학
,
2008학년도 산학협동재단 일반장학생 선발안내,장학
,
한국고등교육재단 장학생 선발,장학
,
재단법인 함경북도장학회 2008년도 장학생 모집,장학
,
2008 인도네시아정부 초청 Darmasiswa 장학생 선발 안내,장학
,
2008학년도 1학기 농촌희망대학 장학생 선발 안내,장학
,
2008학년도 사리원시 봉산군 장학회 장학생 선발 공고,장학
,
(재)지도자육성재단 참빛장학생 선발안내,장학
,
우수학생장학금 장학생 선발안내,장학
,
2008년도 1학기 정부보증 학자금대출 안내,장학
,
[국제언어교육원] 박코치 소리영어 훈련소,모집
,
항공권 특가모음 1탄,학사
,
항공권 특가모음 2탄,학사
,
[2007.12.31~2008.01.04] 학생서비스센터 보관습득물 안내,장학
,
08년 1월 19일 MATE 졸업자격시험 시행 안내,학사
,
08년 2월 졸업예정자 계속수학 신청 안내,학사
,
[조교모집] 중어중문학과 조교를 모집합니다.,모집
,
2007년 1월 11일(금) MOS테스트 시간안내,행사
,
문헌정보학과 관리조교 모집,모집
,
2008년 2월 졸업예정자 (최종) 졸업초과학점 포기 안내,학사
,
“G마켓 희망 장학금” 세부운영 안내,장학
,
< 이·공계 인재 육성 장학금 > 8차 장학생 선발 안내,장학
,
2008학년도 산학협동재단 일반장학생 선발안내,장학
,
한국고등교육재단 장학생 선발,장학
,
재단법인 함경북도장학회 2008년도 장학생 모집,장학
,
2008 인도네시아정부 초청 Darmasiswa 장학생 선발 안내,장학
,
2008학년도 1학기 농촌희망대학 장학생 선발 안내,장학
,
2008학년도 사리원시 봉산군 장학회 장학생 선발 공고,장학
,
(재)지도자육성재단 참빛장학생 선발안내,장학
,
우수학생장학금 장학생 선발안내,장학
,
2008년도 1학기 정부보증 학자금대출 안내,장학
,
2008학년도 정수장학회 장학생 선발안내,장학
,
08년 1월 19일 MATE 졸업자격시험 시행 안내,학사
,
“G마켓 희망 장학금” 세부운영 안내,장학
,
2008학년도 산학협동재단 일반장학생 선발안내,장학
,
한국고등교육재단 장학생 선발,장학
,
재단법인 함경북도장학회 2008년도 장학생 모집,장학
,
2008 인도네시아정부 초청 Darmasiswa 장학생 선발 안내,장학
,
2008학년도 1학기 농촌희망대학 장학생 선발 안내,장학
,
2008학년도 사리원시 봉산군 장학회 장학생 선발 공고,장학
,
(재)지도자육성재단 참빛장학생 선발안내,장학
,
우수학생장학금 장학생 선발안내,장학
,
2008학년도 정수장학회 장학생 선발안내,장학
,
[2008.1.7~11] 학생서비스 센터 보관습득물 공지,모집
,
제61차 MATE 정기시험 시행 안내,학사
,
2008학년도 전기 학부 재입학 2차 여석,학사
,
“G마켓 희망 장학금” 세부운영 안내,장학
,
한국고등교육재단 장학생 선발,장학
,
재단법인 함경북도장학회 2008년도 장학생 모집,장학
,
2008 인도네시아정부 초청 Darmasiswa 장학생 선발 안내,장학
,
2008학년도 1학기 농촌희망대학 장학생 선발 안내,장학
,
2008학년도 사리원시 봉산군 장학회 장학생 선발 공고,장학
,
우수학생장학금 장학생 선발안내,장학
,
2008학년도 정수장학회 장학생 선발안내,장학
,
2008 일본 니가타현 초청 연구장학생 선발,장학
,
2008/2009 대만정부 초청 장학생 선발요강,장학
,
2008 신라문화장학재단 장학생 공개선발,장학
,
한국지도자육성장학재단 장학생 선발공고,장학
,
2008년도 1학기 정부보증 학자금대출 안내,장학
,
[1/17]학생일반우편 도착알림,학사
,
2008년 1월 19일(토) MOS테스트 시간안내,학사
,
[일본학과]일본어문화체험프로그램 모집연장-18일까지,모집
,
2008학년도 학사일정표 안내(학부),학사
,
2008-1 교양교과목 학점취득 특별시험 실시안내,학사
,
제61차 MATE 정기시험 시행 안내,학사
,
2008-1 조교제도 안내문,장학
,
방학 중 IPTV 운영 안내,행사
,
[일본학과]일본어문화체험 참가자모집 기한 연장(21일까지),모집
,
[디자인학부] 실습실 관리조교 모집,모집
,
<총학생회MUV>집행부원을 모집합니다.,모집
,
“G마켓 희망 장학금” 세부운영 안내,장학
,
한국고등교육재단 장학생 선발,장학
,
2008 인도네시아정부 초청 Darmasiswa 장학생 선발 안내,장학
,
2008학년도 1학기 농촌희망대학 장학생 선발 안내,장학
,
우수학생장학금 장학생 선발안내,장학
,
2008 일본 니가타현 초청 연구장학생 선발,장학
,
2008/2009 대만정부 초청 장학생 선발요강,장학
,
2008 신라문화장학재단 장학생 공개선발,장학
,
2008년도 1학기 정부보증 학자금대출 안내,장학
,
건강체력실 2월 회원 모집합니다.,모집
,
우수봉사상(두레/섬김장학금) 추천 안내,장학
,
2008-1 강의시간표 배부,행사
,
2008년도 1학기 농촌출신대학생 학자금 무이자융자 신청요강,장학
,
프랑스정부초청 '블레즈파스칼'장학생 선발안내,장학
,
제61차 MATE 정기시험 시행 안내,학사
,
항공권특가모음,학사
,
[총학생회MUV] 집행부원을 모집합니다.,모집
,
설 귀성 국내선항공권 판매,학생
,
“G마켓 희망 장학금” 세부운영 안내,장학
,
한국고등교육재단 장학생 선발,장학
,
2008 인도네시아정부 초청 Darmasiswa 장학생 선발 안내,장학
,
2008학년도 1학기 농촌희망대학 장학생 선발 안내,장학
,
우수학생장학금 장학생 선발안내,장학
,
2008/2009 대만정부 초청 장학생 선발요강,장학
,
2008 신라문화장학재단 장학생 공개선발,장학
,
2008년도 1학기 정부보증 학자금대출 안내,장학
,
2008년도 1학기 농촌출신대학생 학자금 무이자융자 신청요강,장학
,
[1/22]학생일반우편 도착알림,학사
,
프랑스정부초청 '블레즈파스칼'장학생 선발안내,장학
,
[학부]기 수료자중 졸업가능자 졸업신청하세요.,모집
,
[총학생회MUV]집행부원을 모집합니다.,모집
,
홍콩중문대학 MA programme 안내(Department of History),학사
,
[추천 설명회] PSAT(공직적성검사) 설명회 개최 안내,학사
,
2008-1 교양교과목 학점취득특별시험실시 안내,학사
,
[국문]이야기창작 멘티모집,모집
,
[국문]한국어교사 양성과정 멘티 모집,모집
,
[국문] 학생회 집행부 모집,모집
,
“G마켓 희망 장학금” 세부운영 안내,장학
,
한국고등교육재단 장학생 선발,장학
,
2008 인도네시아정부 초청 Darmasiswa 장학생 선발 안내,장학
,
2008학년도 1학기 농촌희망대학 장학생 선발 안내,장학
,
우수학생장학금 장학생 선발안내,장학
,
2008/2009 대만정부 초청 장학생 선발요강,장학
,
2008 신라문화장학재단 장학생 공개선발,장학
,
2008년도 1학기 정부보증 학자금대출 안내,장학
,
2008년도 1학기 농촌출신대학생 학자금 무이자융자 신청요강,장학
,
인터넷 서비스 일시 중단 안내,행사
,
프랑스정부초청 '블레즈파스칼'장학생 선발안내,장학
,
87차(12월) 학사퀴즈 당첨자 발표!!,행사
,
MATE 졸업자격시험안내입니다.,행사
,
문과대학-휴머니타스 보세요,학사
,
2008-2009 인도네시아정부 초청 장학생 선발요강,장학
,
삼성전자 안승준 전무의 직업과 경력개발 수강생 모집,모집
,
“G마켓 희망 장학금” 세부운영 안내,장학
,
한국고등교육재단 장학생 선발,장학
,
2008 인도네시아정부 초청 Darmasiswa 장학생 선발 안내,장학
,
2008학년도 1학기 농촌희망대학 장학생 선발 안내,장학
,
우수학생장학금 장학생 선발안내,장학
,
2008/2009 대만정부 초청 장학생 선발요강,장학
,
2008 신라문화장학재단 장학생 공개선발,장학
,
2007학년도 학위수여식 개최 안내,학사
,
2008년도 1학기 정부보증 학자금대출 안내,장학
,
2008년도 1학기 농촌출신대학생 학자금 무이자융자 신청요강,장학
,
2008-2009 인도네시아정부 초청 장학생 선발요강,장학
,
프랑스정부초청 '블레즈파스칼'장학생 선발안내,장학
,
우수봉사상(두레/섬김장학금) 추천 안내,장학
,
MATE 졸업자격시험안내입니다.,행사
,
[국문] <한국아동.청소년문학>개설학기 변경,모집
,
제61차 MATE 정기시험 시행 안내,학사
,
[총학생회MUV] 집행부원 모집합니다.,모집
,
2008년 1월 26일(토) MOS테스트 시간안내,학사
,
08년 2월 MATE 졸업자격시험 시행 안내,학사
,
국제관계대학원 2008학년도 전기 추가모집안내,장학
,
2007 교직복수(부)전공이수예정자 추가선발확정 공지,학사
,
영문학부 행정조교 모집,모집
,
2008/2009 중국정부 초청 장학생 선발 요강,장학
,
2008 IT여성 취업 컨퍼런스 안내,모집
,
“G마켓 희망 장학금” 세부운영 안내,장학
,
한국고등교육재단 장학생 선발,장학
,
2008 인도네시아정부 초청 Darmasiswa 장학생 선발 안내,장학
,
2008학년도 1학기 농촌희망대학 장학생 선발 안내,장학
,
우수학생장학금 장학생 선발안내,장학
,
2008/2009 대만정부 초청 장학생 선발요강,장학
,
2008 신라문화장학재단 장학생 공개선발,장학
,
2008년도 1학기 정부보증 학자금대출 안내,장학
,
2008년도 1학기 농촌출신대학생 학자금 무이자융자 신청요강,장학
,
2008-2009 인도네시아정부 초청 장학생 선발요강,장학
,
프랑스정부초청 '블레즈파스칼'장학생 선발안내,장학
,
08년 2월 MATE 졸업자격시험 시행 안내,학사
,
MATE 졸업자격시험안내입니다.,행사
,
(재공지) 항공권특가모음,학사
,
새로나온 항공권특가,행사
,
08.1학기 숙명면학장려/후생복지장학금 장학생 선발 공지,장학
,
호주 에어텔 상품,학생
,
영문학부 행정조교 모집(1/31까지),모집
,
[국문]한국.아동청소년문학 개설학기 변경,모집
,
“G마켓 희망 장학금” 세부운영 안내,장학
,
한국고등교육재단 장학생 선발,장학
,
2008 인도네시아정부 초청 Darmasiswa 장학생 선발 안내,장학
,
2008학년도 1학기 농촌희망대학 장학생 선발 안내,장학
,
우수학생장학금 장학생 선발안내,장학
,
2008/2009 대만정부 초청 장학생 선발요강,장학
,
2008 신라문화장학재단 장학생 공개선발,장학
,
2008년도 1학기 정부보증 학자금대출 안내,장학
,
2008년도 1학기 농촌출신대학생 학자금 무이자융자 신청요강,장학
,
2008-2009 인도네시아정부 초청 장학생 선발요강,장학
,
프랑스정부초청 '블레즈파스칼'장학생 선발안내,장학
,
[1/29]학생일반우편 도착알림,학사
,
일본여학사협회 장학생 추천,장학
,
박코치 소리영어 훈련소 특강,모집
,
우수봉사상(두레/섬김장학금) 추천 안내,장학
,
우수학생장학금 장학생 선발 발표 연기,장학
,
사회봉사교과목 수강안내,모집
,
08년 2월 MATE 졸업자격시험 시행 안내,학사
,
MATE 졸업자격시험안내입니다.,행사
,
“G마켓 희망 장학금” 세부운영 안내,장학
,
한국고등교육재단 장학생 선발,장학
,
2008 인도네시아정부 초청 Darmasiswa 장학생 선발 안내,장학
,
2008학년도 1학기 농촌희망대학 장학생 선발 안내,장학
,
우수학생장학금 장학생 선발안내,장학
,
2008/2009 대만정부 초청 장학생 선발요강,장학
,
2008 신라문화장학재단 장학생 공개선발,장학
,
2008년도 1학기 정부보증 학자금대출 안내,장학
,
2008년도 1학기 농촌출신대학생 학자금 무이자융자 신청요강,장학
,
2008-2009 인도네시아정부 초청 장학생 선발요강,장학
,
프랑스정부초청 '블레즈파스칼'장학생 선발안내,장학
,
일본여학사협회 장학생 추천,장학
,
우수학생장학금 장학생 선발 발표 연기,장학
,
2008년도 재단법인 금강장학회 장학생 선발 요강,장학
,
08.1학기 숙명면학장려/후생복지장학금 장학생 선발 공지,장학
,
신편입생 신체검사 안내,학사
,
학사퀴즈 풀고 랜드시네마로~,학사
,
2008-1 학/석사연계과정 합격자 발표,학사
,
“G마켓 희망 장학금” 세부운영 안내,장학
,
한국고등교육재단 장학생 선발,장학
,
2008 인도네시아정부 초청 Darmasiswa 장학생 선발 안내,장학
,
2008학년도 1학기 농촌희망대학 장학생 선발 안내,장학
,
우수학생장학금 장학생 선발안내,장학
,
2008/2009 대만정부 초청 장학생 선발요강,장학
,
[국문]한국아동.청소년문학 개설학기 변경,모집
,
08년 2월 MATE 졸업자격시험 시행 안내,학사
,
2008 신라문화장학재단 장학생 공개선발,장학
,
MATE 졸업자격시험안내입니다.,행사
,
[국문]이야기창작 멘티 추가 모집,모집
,
2008년도 1학기 정부보증 학자금대출 안내,장학
,
2008년도 1학기 농촌출신대학생 학자금 무이자융자 신청요강,장학
,
2008-2009 인도네시아정부 초청 장학생 선발요강,장학
,
2008년도 금강장학회 장학생 선발 요강,장학
,
우수학생장학금 장학생 선발 발표 연기,장학
,
<안물바센터>안물바정리,학사
,
2008년 2월 2일(토) MOS테스트 시간안내,학사
,
Stanford University Summer Session 2008 모집 공고,모집
,
1학기 사회봉사교과목 수강안내,학사
,
[학부]졸업심사결과 조회 안내,학사
,
08년 2월 MATE 졸업자격시험 시행 안내,학사
,
MATE 졸업자격시험안내입니다.,행사
,
“G마켓 희망 장학금” 세부운영 안내,장학
,
한국고등교육재단 장학생 선발,장학
,
2008 인도네시아정부 초청 Darmasiswa 장학생 선발 안내,장학
,
2008학년도 1학기 농촌희망대학 장학생 선발 안내,장학
,
우수학생장학금 장학생 선발안내,장학
,
2008/2009 대만정부 초청 장학생 선발요강,장학
,
2008 신라문화장학재단 장학생 공개선발,장학
,
2008년도 1학기 정부보증 학자금대출 안내,장학
,
2008년도 1학기 농촌출신대학생 학자금 무이자융자 신청요강,장학
,
2008-2009 인도네시아정부 초청 장학생 선발요강,장학
,
2008년도 금강장학회 장학생 선발 요강,장학
,
<안물바센터>안물바정리,학사
,
[경영전문대학원] 행정인턴모집(객원기자),모집
,
2008학년도 신입생 등록안내,장학
,
우수학생장학금 장학생 선발 발표 연기,장학
,
2008-1 학점취득특별시험 실시 안내,학사
,
[H.Report 제19호] 브랜드는 리뉴얼과 리포지셔닝을 통해..,행사
,
[경영전문대학원] 최고경영자과정 SELP 2기 모집,모집
,
2008학년도 이공계대학원연구장학생 지원 안내,장학
,
[1/14~18] 학생서비스 센터 보관습득물 안내,행사
,
[1/21~25] 학생서비스센터 보관습득물 안내,학사
,
[1/28~2/1] 학생서비스센터 보관습득물 안내,학사
,
[필독] 수강신청이 안되는 경우,학사
,
학/석사연계과정생 수강신청 안내,학사
,
08년 2월 MATE 졸업자격시험 시행 안내,학사
,
MATE 졸업자격시험안내입니다.,행사
,
<안물바센터>안물바정리,학사
,
"학위복 대여에 관한 공지사항(학사,석사,박사)",학사
,
2008 신입생 오리엔테이션 안내,행사
,
“G마켓 희망 장학금” 세부운영 안내,장학
,
한국고등교육재단 장학생 선발,장학
,
2008 인도네시아정부 초청 Darmasiswa 장학생 선발 안내,장학
,
2008/2009 대만정부 초청 장학생 선발요강,장학
,
2008 신라문화장학재단 장학생 공개선발,장학
,
2008년도 1학기 정부보증 학자금대출 안내,장학
,
2008년도 1학기 농촌출신대학생 학자금 무이자융자 신청요강,장학
,
2008-2009 인도네시아정부 초청 장학생 선발요강,장학
,
2008년도 금강장학회 장학생 선발 요강,장학
,
[2008-1] 재학생 등록안내(학부 및 일반/특수/원격/전문대학원),학사
,
2008학년도 이공계대학원연구장학생 지원 안내,장학
,
교내 행정부서 단기 아르바이트 모집,모집
,
문신미술관 임시휴관안내,행사
,
<안물바센터>안물바정리,학사
,
MATE 졸업자격시험안내입니다.,행사
,
08년 2월 MATE 졸업자격시험 시행 안내,학사
,
“G마켓 희망 장학금” 세부운영 안내,장학
,
한국고등교육재단 장학생 선발,장학
,
2008 인도네시아정부 초청 Darmasiswa 장학생 선발 안내,장학
,
2008/2009 대만정부 초청 장학생 선발요강,장학
,
2008 신라문화장학재단 장학생 공개선발,장학
,
2008년도 1학기 정부보증 학자금대출 안내,장학
,
2008년도 1학기 농촌출신대학생 학자금 무이자융자 신청요강,장학
,
2008-2009 인도네시아정부 초청 장학생 선발요강,장학
,
2008년도 금강장학회 장학생 선발 요강,장학
,
2008학년도 이공계대학원연구장학생 지원 안내,장학
,
[디자인학부] 실습실 관리조교 모집,모집
,
사회봉사교과목 수강안내,모집
,
신입생영어 결과 발표,행사
,
<2008년도 이공계 국가장학생 선발 안내>,장학
,
시스템 업그레이드로 인한 IPTV 송출 일시중지 안내,행사
,
“G마켓 희망 장학금” 세부운영 안내,장학
,
한국고등교육재단 장학생 선발,장학
,
2008 인도네시아정부 초청 Darmasiswa 장학생 선발 안내,장학
,
2008/2009 대만정부 초청 장학생 선발요강,장학
,
2008년도 1학기 정부보증 학자금대출 안내,장학
,
2008-2009 인도네시아정부 초청 장학생 선발요강,장학
,
2008년도 금강장학회 장학생 선발 요강,장학
,
2008학년도 이공계대학원연구장학생 지원 안내,장학
,
<2008년도 이공계 국가장학생 선발 안내>,장학
,
[경영전문대학원] 객원기자모집 마감,모집
,
"진리관, 백주년기념관 난방기 고장(2/11-2/12)",학사
,
2008학년도 숙명 글로벌화 프로젝트,장학
,
2008 신입생 및 편입생 등록(환불) 안내,학사
,
한국어 시간강사 채용공고,모집
,
일반대학원 신(편)입생 오리엔테이션 안내,학사
,
규정시행(20070901/20080201),학사
,
“G마켓 희망 장학금” 세부운영 안내,장학
,
한국고등교육재단 장학생 선발,장학
,
2008 인도네시아정부 초청 Darmasiswa 장학생 선발 안내,장학
,
2008/2009 대만정부 초청 장학생 선발요강,장학
,
2008년도 1학기 정부보증 학자금대출 안내,장학
,
2008-2009 인도네시아정부 초청 장학생 선발요강,장학
,
2008년도 금강장학회 장학생 선발 요강,장학
,
2008학년도 이공계대학원연구장학생 지원 안내,장학
,
다단계판매 및 방문판매 등으로 인한 피해 예방 안내,행사
,
[2/4~8] 학생서비스센터 보관습득물 안내,모집
,
<총학생회MUV>오리엔테이션 물품제공 관련 사항,학생
,
졸업앨범 및 기념품 수령 안내,학사
,
08-1 석/박사과정 외국어시험 실시 및 면제신청안내,학사
,
“G마켓 희망 장학금” 세부운영 안내,장학
,
한국고등교육재단 장학생 선발,장학
,
2008 인도네시아정부 초청 Darmasiswa 장학생 선발 안내,장학
,
2008/2009 대만정부 초청 장학생 선발요강,장학
,
2008년도 1학기 정부보증 학자금대출 안내,장학
,
2008-2009 인도네시아정부 초청 장학생 선발요강,장학
,
2008년도 금강장학회 장학생 선발 요강,장학
,
2008학년도 이공계대학원연구장학생 지원 안내,장학
,
졸업앨범 및 기념품 수령안내,학사
,
2008년 전기 학부 편입생 설명회 개최,학사
,
<총학생회MUV>오리엔테이션 물품제공 관련 사항,학생
,
2008년 2월 16일(토) MOS테스트 시간안내,학사
,
건강체력실 3월 회원 모집합니다.,모집
,
교양 '결혼과가족' 수강신청에 대해,학사
,
“G마켓 희망 장학금” 세부운영 안내,장학
,
한국고등교육재단 장학생 선발,장학
,
2008 인도네시아정부 초청 Darmasiswa 장학생 선발 안내,장학
,
2008/2009 대만정부 초청 장학생 선발요강,장학
,
2008년도 1학기 정부보증 학자금대출 안내,장학
,
2008-2009 인도네시아정부 초청 장학생 선발요강,장학
,
2008학년도 이공계대학원연구장학생 지원 안내,장학
,
다단계판매 및 방문판매 등으로 인한 피해 예방 안내,행사
,
2008 신입생 오리엔테이션 안내,행사
,
‘08년도 1학기 경기도 기능경기대회 입상자 학비지원 안내,장학
,
서울시미래컨벤션도시육성사업단 연구원모집,모집
,
졸업앨범 및 기념품 수령 안내,학사
,
<총학생회MUV>오리엔테이션 과자 판매 관련 사항,학생
,
2008학년도 신(편)입생 학번조회,학사
,
<안물바센터>안물바정리,학사
,
“G마켓 희망 장학금” 세부운영 안내,장학
,
한국고등교육재단 장학생 선발,장학
,
2008 인도네시아정부 초청 Darmasiswa 장학생 선발 안내,장학
,
2008/2009 대만정부 초청 장학생 선발요강,장학
,
2008년도 1학기 정부보증 학자금대출 안내,장학
,
2008-2009 인도네시아정부 초청 장학생 선발요강,장학
,
2008년 전기 학부 편입생 설명회 개최,학사
,
2008학년도 숙명 글로벌화 프로젝트,장학
,
2008학년도 이공계대학원연구장학생 지원 안내,장학
,
다단계판매 및 방문판매 등으로 인한 피해 예방 안내,행사
,
2008학년도 1학기 튜터링 프로그램 시행 안내,학사
,
2008학년도 1학기 스터디그룹 프로그램 시행 안내,학사
,
‘08년도 1학기 경기도 기능경기대회 입상자 학비지원 안내,장학
,
학점취득특별시험신청기간연장(신입생포함),학사
,
<총학생회MUV>오리엔테이션 과자 판매 관련 사항,학생
,
[경영학부]보충과목이수대상자 알림,학사
,
국립중앙박물관에서 홍보인턴을 선발합니다.,모집
,
"[추천]이영민 교수님, 멘토프로그램 신청 안내",모집
,
88차(1월) 학사퀴즈 당첨자 발표!!,행사
,
졸업앨범 및 기념품 수령안내,학사
,
“G마켓 희망 장학금” 세부운영 안내,장학
,
한국고등교육재단 장학생 선발,장학
,
2008 인도네시아정부 초청 Darmasiswa 장학생 선발 안내,장학
,
2008/2009 대만정부 초청 장학생 선발요강,장학
,
2008년도 1학기 정부보증 학자금대출 안내,장학
,
2008-2009 인도네시아정부 초청 장학생 선발요강,장학
,
2008학년도 이공계대학원연구장학생 지원 안내,장학
,
다단계판매 및 방문판매 등으로 인한 피해 예방 안내,행사
,
‘08년도 1학기 경기도 기능경기대회 입상자 학비지원 안내,장학
,
2008학년도 경기도 광주시민장학회 장학생 선발공고,장학
,
박물관 · 미술관의 보존처리 이론과 실습 -숙명여자대학교 정영양자수박물관 특설교육과정 안내,행사
,
자수전문가/퀼트전문가 과정-숙명여자대학교 정영양자수박물관 특설교육과정 안내,행사
,
08-1 석/박사과정 외국어시험 실시 및 면제신청 안내,학사
,
법과대학 수업분반 공지,모집
,
사회봉사교과목 사전교육 안내,모집
,
[정보통신처]모바일학생증 3개이통사 확대서비스 오픈,학생
,
[문과대학] 2007학년도 학위수여식 행사 안내,행사
,
“G마켓 희망 장학금” 세부운영 안내,장학
,
한국고등교육재단 장학생 선발,장학
,
2008 인도네시아정부 초청 Darmasiswa 장학생 선발 안내,장학
,
2008/2009 대만정부 초청 장학생 선발요강,장학
,
2008년도 1학기 정부보증 학자금대출 안내,장학
,
2008-2009 인도네시아정부 초청 장학생 선발요강,장학
,
2008학년도 이공계대학원연구장학생 지원 안내,장학
,
다단계판매 및 방문판매 등으로 인한 피해 예방 안내,행사
,
‘08년도 1학기 경기도 기능경기대회 입상자 학비지원 안내,장학
,
2008학년도 경기도 광주시민장학회 장학생 선발공고,장학
,
2008년 1학기 업데이트 사이버강의,학사
,
2008/2009 터키정부 초청 장학생 선발요강,장학
,
[문과대학] 2007학년도 학위수여식 행사 안내,행사
,
08년 3월 MATE 졸업자격시험 시행 안내,학사
,
MATE 졸업자격시험안내입니다.,행사
,
<안물바센터>안물바정리,학사
,
2008학년도 숙명 글로벌화 프로젝트,장학
,
2008-1학기 튜터링 프로그램 시행 안내,학사
,
2008-1학기 스터디그룹 프로그램 시행 안내,모집
,
2008-1 조교교육 실시 안내,모집
,
08년 3월 MATE 졸업자격시험 시행 안내,학사
,
MATE 졸업자격시험안내입니다.,행사
,
2008년 2월 22일(금) MOS테스트 시간안내,학사
,
“G마켓 희망 장학금” 세부운영 안내,장학
,
한국고등교육재단 장학생 선발,장학
,
2008 인도네시아정부 초청 Darmasiswa 장학생 선발 안내,장학
,
2008/2009 대만정부 초청 장학생 선발요강,장학
,
2008년도 1학기 정부보증 학자금대출 안내,장학
,
2008-2009 인도네시아정부 초청 장학생 선발요강,장학
,
2008학년도 이공계대학원연구장학생 지원 안내,장학
,
다단계판매 및 방문판매 등으로 인한 피해 예방 안내,행사
,
‘08년도 1학기 경기도 기능경기대회 입상자 학비지원 안내,장학
,
2008학년도 경기도 광주시민장학회 장학생 선발공고,장학
,
2008/2009 터키정부 초청 장학생 선발요강,장학
,
[박물관]2008년도 행정인턴십 모집,모집
,
사회봉사교과목 사전교육 안내,모집
,
2008 신입생 오리엔테이션 안내,행사
,
옥수종합사회복지관 학교사회사업 실습생 모집 안내,모집
,
학사지원팀 행정인턴십모집,모집
,
졸업앨범 및 기념품 수령안내,학사
,
[SMU-TESOL] Weekend Workshop 개강안내,모집
,
2008.1학기 신규 시간제등록생 학번 안내,학사
,
꽃산달 운영 안내 - 08년 1학기,학사
,
2007학년도 학위수여식 개최 안내,학사
,
2008학년도 입학식 개최 안내,장학
,
2008-1학기 튜터링 프로그램 시행 안내,학사
,
2008-1학기 스터디그룹 프로그램 시행 안내,모집
,
08년 3월 MATE 졸업자격시험 시행 안내,학사
,
MATE 졸업자격시험안내입니다.,행사
,
“G마켓 희망 장학금” 세부운영 안내,장학
,
한국고등교육재단 장학생 선발,장학
,
2008 인도네시아정부 초청 Darmasiswa 장학생 선발 안내,장학
,
2008/2009 대만정부 초청 장학생 선발요강,장학
,
2008년도 1학기 정부보증 학자금대출 안내,장학
,
2008-2009 인도네시아정부 초청 장학생 선발요강,장학
,
2008학년도 이공계대학원연구장학생 지원 안내,장학
,
다단계판매 및 방문판매 등으로 인한 피해 예방 안내,행사
,
‘08년도 1학기 경기도 기능경기대회 입상자 학비지원 안내,장학
,
2008학년도 경기도 광주시민장학회 장학생 선발공고,장학
,
2007 전기 졸업(학위수여)증명서 발급 안내,학사
,
2008/2009 터키정부 초청 장학생 선발요강,장학
,
2008/2009 중국정부 초청 장학생 선발 요강,장학
,
<2008년도 이공계 국가장학생 선발 안내>,장학
,
학칙 및 학칙시행세칙 시행(20080218),학사
,
2007학년도 학위수여식 개최 안내,학사
,
졸업앨범 및 기념품 수령안내,학사
,
[문과대학] 2007학년도 학위수여식 행사 안내,행사
,
원하는 영어강좌를 내 맘대로!! - LinguaEx Membership Program,모집
,
2008학사모니터 추가모집,모집
,
[경제학과] 교육조교 급구,모집
,
08년 3월 MATE 졸업자격시험 시행 안내,학사
,
MATE 졸업자격시험안내입니다.,행사
,
“G마켓 희망 장학금” 세부운영 안내,장학
,
한국고등교육재단 장학생 선발,장학
,
2008 인도네시아정부 초청 Darmasiswa 장학생 선발 안내,장학
,
2008/2009 대만정부 초청 장학생 선발요강,장학
,
2008년도 1학기 정부보증 학자금대출 안내,장학
,
2008학년도 이공계대학원연구장학생 지원 안내,장학
,
다단계판매 및 방문판매 등으로 인한 피해 예방 안내,행사
,
‘08년도 1학기 경기도 기능경기대회 입상자 학비지원 안내,장학
,
2008학년도 경기도 광주시민장학회 장학생 선발공고,장학
,
2008/2009 터키정부 초청 장학생 선발요강,장학
,
2008/2009 중국정부 초청 장학생 선발 요강,장학
,
<2008년도 이공계 국가장학생 선발 안내>,장학
,
"[학부]08.1학기 휴학, 복학 신청 안내",학사
,
"[대학원]08.1학기 대학원 휴학, 복학 신청 안내",학사
,
2008-1학기 튜터링 프로그램 시행 안내,학사
,
2008-1학기 스터디그룹 프로그램 시행 안내,모집
,
봄시즌을 맞이한 항공권특가모음,행사
,
사회봉사교과목 OT 안내(수강자 필참),학사
,
2008 편입생 오리엔테이션 안내,장학
,
08학년도 학생증 발급 및 배부 안내,학사
,
[SMU-TESOL] Weekend Workshop 개강 안내,모집
,
08-1 학점취득특별시험 응시과목 및 시험장소 확인,학사
,
졸업앨범 및 기념품 수령안내,학사
,
경영전문대학원 입학식-3.1(토) 14시,학사
,
“G마켓 희망 장학금” 세부운영 안내,장학
,
한국고등교육재단 장학생 선발,장학
,
2008 인도네시아정부 초청 Darmasiswa 장학생 선발 안내,장학
,
2008/2009 대만정부 초청 장학생 선발요강,장학
,
2008년도 1학기 정부보증 학자금대출 안내,장학
,
2008학년도 이공계대학원연구장학생 지원 안내,장학
,
다단계판매 및 방문판매 등으로 인한 피해 예방 안내,행사
,
‘08년도 1학기 경기도 기능경기대회 입상자 학비지원 안내,장학
,
2008학년도 경기도 광주시민장학회 장학생 선발공고,장학
,
2008/2009 터키정부 초청 장학생 선발요강,장학
,
2008/2009 중국정부 초청 장학생 선발 요강,장학
,
<2008년도 이공계 국가장학생 선발 안내>,장학
,
2008 편입생 오리엔테이션 안내,장학
,
[2/18-22] 학생서비스센터 보관습득물 안내,장학
,
2008-1학기 튜터링 프로그램 시행 안내,학사
,
2008-1학기 스터디그룹 프로그램 시행 안내,모집
,
08년 3월 MATE 졸업자격시험 시행 안내,학사
,
MATE 졸업자격시험안내입니다.,행사
,
"[급]제2창학관 정전 (과학관, 도서관, 백주년 포함)",행사
,
졸업앨범 및 기념품 수령안내,학사
,
[학생생활상담소] 집단상담과 의사소통 과목에 대한 안내,모집
,
[2008 신입생 필독] 신입생 요람 배부장소 변경,행사
,
[교수학습]2008-1 영어강의 학습전략워크숍 안내,행사
,
<총학생회MUV>동아리 대표자 회의를 소집합니다,학생
,
08-1 일반대학원 외국어시험실시 및 면제신청안내,학사
,
<총학생회 MUV>각 학과 학회장을 소집합니다,학생
,
“G마켓 희망 장학금” 세부운영 안내,장학
,
한국고등교육재단 장학생 선발,장학
,
2008 인도네시아정부 초청 Darmasiswa 장학생 선발 안내,장학
,
2008/2009 대만정부 초청 장학생 선발요강,장학
,
2008년도 1학기 정부보증 학자금대출 안내,장학
,
2008학년도 이공계대학원연구장학생 지원 안내,장학
,
다단계판매 및 방문판매 등으로 인한 피해 예방 안내,행사
,
‘08년도 1학기 경기도 기능경기대회 입상자 학비지원 안내,장학
,
2008학년도 경기도 광주시민장학회 장학생 선발공고,장학
,
2008/2009 터키정부 초청 장학생 선발요강,장학
,
2008/2009 중국정부 초청 장학생 선발 요강,장학
,
2008년도 이공계 국가장학생 선발 안내,장학
,
2008 편입생 오리엔테이션 안내,장학
,
2008 글로벌화 프로젝트 모집,모집
,
(재공지)봄시즌 특가항공권모음,학사
,
<총학생회 MUV>각 학과의 학회장을 소집합니다,학생
,
신입생을 위한 성격유형검사(MBTI) 무료 실시 및 해석,모집
,
89차(2월) 학사퀴즈 응모하세요~,학사
,
08년 3월 MATE 졸업자격시험 시행 안내,학사
,
MATE 졸업자격시험안내입니다.,행사
,
2008-1학기 튜터링 프로그램 시행 안내,학사
,
2008-1학기 스터디그룹 프로그램 시행 안내,모집
,
"2008-1 조교교육 실시 안내(2/28, 09:30)",모집
,
아태여성정보통신원 행정인턴십 모집,모집
,
졸업앨범 및 기념품 수령안내,학사
,
"[교수학습센터]튜터, 튜티 모집",모집
,
교내 각 건물 승강기 격층 제한 운행 안내,학생
,
<총학생회MUV>입학식 학과별 홍보 안내문,학생
,
[H.Report 제20호] 명성은 원산지와 스토리 등 다양한 요인들의 복합적인 상호 작용으로 형성된다,학생
,
<총학생회MUV>3월 동아리 축제 신청서,행사
,
2008년 3월 1일(토) MOS테스트 시간안내,행사
,
대한항공 항공권 특별가 모음,행사
,
2008년 1학기 업데이트 사이버강의,학사
,
아시아나 및 새로나온 항공권 특별가 모음,학사
,
교내 행정부서 단기 아르바이트,모집
,
“G마켓 희망 장학금” 세부운영 안내,장학
,
한국고등교육재단 장학생 선발,장학
,
2008 인도네시아정부 초청 Darmasiswa 장학생 선발 안내,장학
,
08년 3월 MATE 졸업자격시험 시행 안내,학사
,
2008/2009 대만정부 초청 장학생 선발요강,장학
,
MATE 졸업자격시험안내입니다.,행사
,
2008년도 1학기 정부보증 학자금대출 안내,장학
,
2008학년도 이공계대학원연구장학생 지원 안내,장학
,
다단계판매 및 방문판매 등으로 인한 피해 예방 안내,행사
,
‘08년도 1학기 경기도 기능경기대회 입상자 학비지원 안내,장학
,
2008학년도 경기도 광주시민장학회 장학생 선발공고,장학
,
2008/2009 터키정부 초청 장학생 선발요강,장학
,
2008/2009 중국정부 초청 장학생 선발 요강,장학
,
2008년도 이공계 국가장학생 선발 안내,장학
,
2008 편입생 오리엔테이션 안내,장학
,
제1회 대학(원)생 IPU 총회 참관단 모집,모집
,
<총학생회MUV>입학식 학과 및 동아리 홍보 안내문,행사
,
규정시행(20080226),학사
,
사랑과 공격성 - 이성 선택의 역동 (제1강),모집
,
[일본학과]코난여대 연수단 도우미 모집,모집
,
[학생생활상담소] 집단상담과 의사소통 과목에 대한 안내,모집
,
사랑과 공격성-이성 선택의 역동 (2008학년도 1학기 일정),학사
,
<총학생회MUV>스쿨버스 운행 관련 공지,학생
,
[사이버강의] 학부사이버강의 로그인 테스트 안내,학사
,
[국문] 개강총회 공지,학사
,
"외국인교환학생 기증 물품 접수(휴대폰,교통카드 등)",학생
,
“G마켓 희망 장학금” 세부운영 안내,장학
,
한국고등교육재단 장학생 선발,장학
,
2008 인도네시아정부 초청 Darmasiswa 장학생 선발 안내,장학
,
2008/2009 대만정부 초청 장학생 선발요강,장학
,
2008년도 1학기 정부보증 학자금대출 안내,장학
,
2008학년도 이공계대학원연구장학생 지원 안내,장학
,
다단계판매 및 방문판매 등으로 인한 피해 예방 안내,행사
,
‘08년도 1학기 경기도 기능경기대회 입상자 학비지원 안내,장학
,
2008학년도 경기도 광주시민장학회 장학생 선발공고,장학
,
08년 3월 MATE 졸업자격시험 시행 안내,학사
,
2008/2009 터키정부 초청 장학생 선발요강,장학
,
MATE 졸업자격시험안내입니다.,행사
,
2008/2009 중국정부 초청 장학생 선발 요강,장학
,
2008년도 이공계 국가장학생 선발 안내,장학
,
2008 편입생 오리엔테이션 안내,장학
,
제1회 대학(원)생 IPU 총회 참관단 모집,모집
,
[경영전문대학원 교학팀] 행정인턴십 모집,모집
,
졸업앨범 및 기념품 수령안내,학사
,
"[교수학습센터]튜터, 튜티 모집",모집
,
"[교수학습센터]스터디그룹, 그룹원 모집",모집
,
숙명인재관 TESOL전화번호 변경,행사
,
(재공지) 봄시즌 각종항공권할인 모음,학사
,
(재공지)대한항공 항공권 특별가,학사
,
(재공지)아시아나 및 새로나온항공사특가모음,학사
,
<총학생회MUV> 각 학과의 학회장을 소집합니다.,학생
,
<총학생회MUV> 3월 동아리 축제 신청서,행사
,
<총학생회MUV> 스쿨버스 운행 관련 공지,학생
,
국내 박사과정 연구지원자 모집 안내,장학
,
[학생생활상담소] 집단상담과 의사소통 과목에 대한 안내,모집
,
사랑과 공격성 - 이성 선택의 역동 (제1강),모집
,
사랑과 공격성-이성 선택의 역동 (2008학년도 1학기 일정),학사
,
2008 숙명 글로벌화 프로젝트 모집,모집
,
신편입생 추가신체검사 안내,학사
,
가족자원경영학과 리더십캠프,모집
,
[학생생활상담소] 집단상담과 의사소통 과목에 대한 안내,모집
,
08년 3월 MATE 졸업자격시험 시행 안내,학사
,
MATE 졸업자격시험안내입니다.,행사
,
[도서관]대표번호 안내,행사
,
<총학생회MUV>각 학과 학회장을 소집합니다,학생
,
<총학생회MUV>3월 동아리 홍보축제 신청서,행사
,
[학생생활상담소] 집단상담과 의사소통 과목에 대한 안내,모집
,
사랑과 공격성 - 이성 선택의 역동 (제1강),모집
,
사랑과 공격성-이성 선택의 역동 (2008학년도 1학기 일정),학사
,
사랑의 헌혈 캠페인에 동참합시다.,행사
,
“G마켓 희망 장학금” 세부운영 안내,장학
,
한국고등교육재단 장학생 선발,장학
,
2008 인도네시아정부 초청 Darmasiswa 장학생 선발 안내,장학
,
2008/2009 대만정부 초청 장학생 선발요강,장학
,
2008년도 1학기 정부보증 학자금대출 안내,장학
,
2008학년도 이공계대학원연구장학생 지원 안내,장학
,
다단계판매 및 방문판매 등으로 인한 피해 예방 안내,행사
,
‘08년도 1학기 경기도 기능경기대회 입상자 학비지원 안내,장학
,
2008학년도 경기도 광주시민장학회 장학생 선발공고,장학
,
2008/2009 터키정부 초청 장학생 선발요강,장학
,
2008/2009 중국정부 초청 장학생 선발 요강,장학
,
2008년도 이공계 국가장학생 선발 안내,장학
,
제1회 대학(원)생 IPU 총회 참관단 모집,모집
,
국내 박사과정 연구지원자 모집 안내,장학
,
[SMU-TESOL] Weekend Workshop 개강안내,모집
,
"숙명인 여러분, 사랑의 헌혈에 참여하세요~",행사
,
<총학생회MUV>동아리 대표자를 소집합니다.,학생
,
각항공사별 항공권특가모음,학생
,
신입생 환영 이벤트 하나!,행사
,
졸업 앨범 및 기념품 수령안내,학사
,
[신입생]오리엔테이션 기념품 배부,행사
,
"[교수학습센터]튜터, 튜티 모집",모집
,
"[교수학습센터]스터디그룹, 그룹원 모집",모집
,
[경영전문대학원교학팀]행정인턴-마감,모집
,
사회봉사교과목 사전교육 안내,모집
,
[교수학습]영어강의학습전략워크숍(1차) 안내,행사
,
2008 신입생 오리엔테이션 영상물 열람 안내,행사
,
[학생생활상담소] 집단상담과 의사소통 과목에 대한 안내,모집
,
[일본학과]코난여대 연수단 도우미 모집 마감 안내,모집
,
학생증 즉석 발급 일시 중지 안내,학사
,
숙명가족장학금 신청안내,장학
,
우리 시대 명 강의를 찾아서 : '지혜인 리더십',모집
,
제4의 물결'이 무엇인지 아시나요?,행사
,
졸업인증 컴퓨터 자격증 취득이 가능한 교과목 안내,학사
,
[국문]'시와 삶' 멘토 모집,모집
,
보조교사 모집(사회봉사관심자 필독!),모집
,
[모집] 법학부 박수헌 교수님 멘토 프로그램,모집
,
[링구아] 박코치 소리영어 훈련소,모집
,
행정인턴십 모집 안내,모집
,
유명강사 초청 한자자격증취득특강안내,행사
,
2008학년도성옥장학생안내,장학
,
제4기숙명장학생봉사단신입단원모집,모집
,
[학생생활상담소] 집단상담과 의사소통 과목에 대한 안내,모집
,
사랑과 공격성 - 이성 선택의 역동 (제1강),모집
,
사랑과 공격성-이성 선택의 역동 (2008학년도 1학기 일정),학사
,
[한국음식연구원]14기 수강생 모집,모집
,
08년 3월 MATE 졸업자격시험 시행 안내,학사
,
MATE 졸업자격시험안내입니다.,행사
,
교수학습센터 행정인턴십 모집,모집
,
제4기숙명장학생봉사단신입단원버짐,모집
,
<총학생회MUV> 스쿨버스 운행 관련 공지,학생
,
[미국정치와외교]강의실변경,학사
,
사회봉사교과목 사전교육 안내,모집
,
졸업앨범 및 기념품 수령안내,학사
,
[SMU-TESOL] Weekend Workshop 개강안내,모집
,
<총학생회MUV>학생수첩 배부공지,행사
,
성공 5계명'+'행복 5계명'=지혜 10계명,학사
,
"[교수학습센터]튜터, 튜티 모집",모집
,
"[교수학습센터]스터디그룹, 그룹원 모집",모집
,
휴대인터넷Wibro무료체험+노트북특판행사,행사
,
학생증 발급 일시 중지 안내,학사
,
[장애학생]출석부 등재 희망자 조사,장학
,
<총학생회MUV> 3월 동아리 홍보축제 신청서,행사
,
<총학생회> 동아리 축제 학과 홍보 지원서,모집
,
08년 3월 MATE 졸업자격시험 시행 안내,학사
,
MATE 졸업자격시험안내입니다.,행사
,
2008-1 학점취득특별시험 결과 발표,학사
,
숙명장학봉사단신입단원모집,모집
,
[장애우]출석부등재희망조사,학생
,
[장애우]장애학생 도우미신청안내,모집
,
신편입생 추가 신체검사 안내,학사
,
졸업앨범 및 기념품 수령안내,학사
,
오늘 취업동아리가 궁금하다???,행사
,
[교수학습]영어강의 학습전략워크숍 접수 마감,행사
,
보조교사 모집(교육실습위임자 반드시신청!),모집
,
[학생생활상담소] 집단상담과 의사소통 과목에 대한 안내,모집
,
제4기숙명장학생봉사단신입단원모집,모집
,
2008학년도성옥장학생안내,장학
,
행정인턴십 모집 안내,모집
,
숙명가족장학금 신청안내,장학
,
2008 신입생 오리엔테이션 영상물 열람 안내,행사
,
국내 박사과정 연구지원자 모집 안내,장학
,
[신입생]오리엔테이션 기념품 배부,행사
,
제1회 대학(원)생 IPU 총회 참관단 모집,모집
,
2008년도 이공계 국가장학생 선발 안내,장학
,
2008/2009 중국정부 초청 장학생 선발 요강,장학
,
2008/2009 터키정부 초청 장학생 선발요강,장학
,
2008학년도 경기도 광주시민장학회 장학생 선발공고,장학
,
‘08년도 1학기 경기도 기능경기대회 입상자 학비지원 안내,장학
,
다단계판매 및 방문판매 등으로 인한 피해 예방 안내,행사
,
모바일학생증 발급/실행방법,학생
,
2008학년도 이공계대학원연구장학생 지원 안내,장학
,
"[교수학습센터]튜터, 튜티 모집",모집
,
"[교수학습센터]스터디그룹, 그룹원 모집",모집
,
2008년도 1학기 정부보증 학자금대출 안내,장학
,
2008/2009 대만정부 초청 장학생 선발요강,장학
,
2008 인도네시아정부 초청 Darmasiswa 장학생 선발 안내,장학
,
한국고등교육재단 장학생 선발,장학
,
“G마켓 희망 장학금” 세부운영 안내,장학
,
[총학생회MUV] 동아리 홍보 축제 학과 홍보 신청서,행사
,
[총학생회MUV] 동아리 홍보 축제 신청서,행사
,
[총학생회MUV] 스쿨버스 안내,행사
,
오늘 취업동아리가 궁금하다??,행사
,
<총학생회MUV>학생수첩 배부 공지,행사
,
89차(2월) 학사퀴즈 당첨자 발표!!,행사
,
08년 3월 MATE 졸업자격시험 시행 안내,학사
,
MATE 졸업자격시험안내입니다.,행사
,
2008/2009 러시아 정부초청장학생 선발요강,장학
,
2008 제12기 하계PAS청년해외봉사단 참가자 모집 및 선발 안내,모집
,
숙명의료봉사단 3기 신입단원 모집,모집
,
(재공지) 신입생환영 이벤트,행사
,
각 항공사 항공권 특별할인가 모음,학생
,
[문화관광학과] 2008년 1학기 인턴십 수업 안내,모집
,
(수정)대한항공 특별할인가 항공권모음,행사
,
대한항공 2009 설연휴 국내선항공권 오픈,장학
,
IPTV공지 방송서비스 신청 안내,학사
,
아시아나 항공및 새로나온 항공권 특별가 모음,학사
,
[경영학부]경영학부 홈페이지 개편,학사
,
[학생생활상담소] 집단상담과 의사소통 과목에 대한 안내,모집
,
"[교수학습센터]튜터, 튜티 모집",모집
,
"[교수학습센터]스터디그룹, 그룹원 모집",모집
,
2008학년도 실습비배정 공문 수령 안내(학과조교),학사
,
사랑과 공격성-이성 선택의 역동 (2008학년도 1학기 일정),학사
,
사랑과 공격성 - 이성 선택의 역동 (제1강),모집
,
2008년 3월 8일(토) MOS테스트 시간안내,행사
,
국내문화탐방 보고서 제출,장학
,
성격심리학 교재,행사
,
학술 Web DB 이용교육 - 3월 프로그램,행사
,
<총학생회MUV>08'수습부원을 모집합니다,모집
,
의사소통센터 행정인턴십 추가모집,모집
,
박코치 소리 영어 훈련소 3월 훈련 공지,모집
,
08년 3월 MATE 졸업자격시험 시행 안내,학사
,
MATE 졸업자격시험안내입니다.,행사
,
숙명장학봉사단신입단원모집,모집
,
[장애우]출석부등재희망조사,학생
,
[장애우]장애학생 도우미신청안내,모집
,
2008학년도성옥장학생안내,장학
,
국내 박사과정 연구지원자 모집 안내,장학
,
2008년도 이공계 국가장학생 선발 안내,장학
,
2008/2009 중국정부 초청 장학생 선발 요강,장학
,
2008/2009 터키정부 초청 장학생 선발요강,장학
,
2008학년도 경기도 광주시민장학회 장학생 선발공고,장학
,
‘08년도 1학기 경기도 기능경기대회 입상자 학비지원 안내,장학
,
[급구]제5회 안중근 장학생 모집 안내,모집
,
도서관 장서개발팀 행정인턴십 모집,모집
,
신입생 기념품 수령 안내 2008.3.10~3.20,행사
,
2008학년도 이공계대학원연구장학생 지원 안내,장학
,
2008년도 1학기 정부보증 학자금대출 안내,장학
,
2008/2009 대만정부 초청 장학생 선발요강,장학
,
2008 인도네시아정부 초청 Darmasiswa 장학생 선발 안내,장학
,
한국고등교육재단 장학생 선발,장학
,
“G마켓 희망 장학금” 세부운영 안내,장학
,
2008/2009 러시아 정부초청장학생 선발요강,장학
,
국내문화탐방 보고서 제출,장학
,
행정인턴십 모집 안내,모집
,
숙명가족장학금 신청안내,장학
,
[교수학습]2008학년도 학습법 공모전 안내,모집
,
[문화관광]2008 한국관광총회 대학생 관광업계 취업박람회 개최안내,행사
,
2008-1 조교 교번 안내,모집
,
제 18대 국회의원 선거 부재자신고 안내,행사
,
"[교수학습센터]튜터, 튜티 모집",모집
,
"[교수학습센터]스터디그룹, 그룹원 모집",모집
,
<총학생회MUV> 08' 수습부원을 모집합니다.,모집
,
<총학생회MUV> 스쿨버스 관련 공지,행사
,
졸업앨범 및 기념품 수령안내(마지막날입니다),행사
,
현대자동차 무상 점검 및 제네시스 시승회,학사
,
<총학생회MUV> 학생수첩 배부 지연 관련 양해문,학생
,
법학부 교육조교 모집,모집
,
<총학생회MUV> 3월 홍보 축제 공지,행사
,
"[급구-장애우]장애학생 수업, 이동도우미 모집",모집
,
[학생생활상담소] 집단상담과 의사소통 과목에 대한 안내,모집
,
[아태여성정보통신원] 김수민님께서 신청하신 강좌가 폐강되었음을 알려드립니다.,학생
,
재학생 SSAT 무료검사 장소 및 시간변경,모집
,
2008년 3월 10일 (월) MOS 개강안내,모집
,
2008 한독대학원생교류지원사업 안내,장학
,
TOEFL 강좌 안내,장학
,
도서관 투어 프로그램,모집
,
IPTV Reporters 2기 대 모집!!,모집
,
제4기 숙명장학봉사단 신입단원모집안내,모집
,
입학관리팀 장기 인턴 모집,모집
,
(재공지) 신입생환영 할인행사.,행사
,
2008학년도성옥장학생안내,장학
,
국내 박사과정 연구지원자 모집 안내,장학
,
2008년도 이공계 국가장학생 선발 안내,장학
,
2008/2009 중국정부 초청 장학생 선발 요강,장학
,
2008/2009 터키정부 초청 장학생 선발요강,장학
,
행정인턴십모집(학사지원팀),모집
,
‘08년도 1학기 경기도 기능경기대회 입상자 학비지원 안내,장학
,
[급구]제5회 안중근 장학생 모집 안내,모집
,
신입생 기념품 수령 안내 2008.3.10~3.20,행사
,
2008학년도 이공계대학원연구장학생 지원 안내,장학
,
2008년도 1학기 정부보증 학자금대출 안내,장학
,
2008/2009 대만정부 초청 장학생 선발요강,장학
,
2008 인도네시아정부 초청 Darmasiswa 장학생 선발 안내,장학
,
한국고등교육재단 장학생 선발,장학
,
“G마켓 희망 장학금” 세부운영 안내,장학
,
2008/2009 러시아 정부초청장학생 선발요강,장학
,
국내문화탐방 보고서 제출,장학
,
숙명가족장학금 신청안내,장학
,
제 18대 국회의원 선거 부재자신고 안내,행사
,
"[급구-장애우]장애학생 수업, 이동도우미 모집",모집
,
90차(3월) 학사퀴즈 풀고 랜드시네마 가자~,학사
,
(추가) 항공권 할인모음,학생
,
정전안내,장학
,
아시아나 항공권 특별가 모음,학사
,
대한항공 할인항공권 모음,행사
,
"[교수학습센터]스터디그룹, 그룹원 모집",모집
,
"[교수학습센터]튜터, 튜티 모집",모집
,
[법학부] 신입생 기념품(우산) 배부 알림,행사
,
보조교사 추가모집!! 많이 신청해주세요,모집
,
실험실 위험물 소방 안전 점검 실시(3/13),행사
,
학교전화 전체 일시중단(3/11 21~24시),학사
,
<총학생회MUV>08'수습부원을 모집합니다,모집
,
[삼성전기] 비서직 채용,행사
,
사랑과 공격성 - 이성 선택의 역동 (제1강),모집
,
사랑과 공격성-이성 선택의 역동 (2008학년도 1학기 일정),학사
,
[식품영양학과]개강총회 및 리더십행사 공지,모집
,
2008-1학기 파견교환/복수학위생 면접전형 공지,학사
,
"[교수학습센터]New:스터디그룹, 그룹원 모집",모집
,
국가공인 한자자격증(2급)취득 대비 특강,모집
,
아태여성정보통신원 문화콘텐츠인력양성사업 인턴 모집공고,모집
,
<총학생회MUV>동아리 자리배치 안내,학생
,
[식품영양학과] 개강총회 및 리더십행사,모집
,
2008학년도 1학기 기초생활수급자 장학금 신청안내,장학
,
2008학년도 1학기 행정인턴십교육안내,모집
,
"[모의입사경진대회]누려라, 무한 프리미엄 취업의 혜택!!!",행사
,
2008 전기대학원 신입생 등록금 차액환불,학사
,
IPTV 리포터 2기 대모집!!,모집
,
숙명SIWA봉사단은 11월에 모집합니다.,모집
,
재학생 SSAT 무료검사 시간및장소변경,모집
,
방과 후 체육프로그램,행사
,
"[교수학습센터]튜터, 튜티 모집",모집
,
"[교수학습센터]스터디그룹, 그룹원 모집",모집
,
[교수학습]학습전략워크숍(1차) 안내,행사
,
2008-1학기 파견교환/복수학위생 면접전형/어학시험 공지,학사
,
[정보방송학과] 정보방송학과 리더십특강,모집
,
[식품영양학과] 개강총회 및 리더십행사,모집
,
[국문]개강총회공지(수정),학사
,
순헌관 및 진리관 앞 주차구역 삭제 공지,학사
,
2008-1학기 교육실습 사전설명회 개최,학사
,
[교수학습]영어강의학습전략워크숍(1차) 참석자 안내,행사
,
대학원 외국어시험 실시 장소안내,학사
,
IPTV 리포터 설명회,행사
,
급구[장애우]장애학생 수업도우미 신청안내,모집
,
<총학생회MUV>문화그룹 현황조사 실시 안내,행사
,
제4기 숙명 장학봉사단 신입단원 모집안내,모집
,
급구[장애우]장애학생 수업도우미 신청안내,모집
,
08학년도 1학기 행정인턴십 교육안내,모집
,
제 18대 국회의원 선거 부재자신고 안내,행사
,
숙명가족장학금 신청안내,장학
,
2008/2009 러시아 정부초청장학생 선발요강,장학
,
국내문화탐방 보고서 제출,장학
,
“G마켓 희망 장학금” 세부운영 안내,장학
,
한국고등교육재단 장학생 선발,장학
,
2008 인도네시아정부 초청 Darmasiswa 장학생 선발 안내,장학
,
2008/2009 대만정부 초청 장학생 선발요강,장학
,
2008년도 1학기 정부보증 학자금대출 안내,장학
,
2008학년도 이공계대학원연구장학생 지원 안내,장학
,
‘08년도 1학기 경기도 기능경기대회 입상자 학비지원 안내,장학
,
신입생 기념품 수령 안내 2008.3.10~3.20,행사
,
2008/2009 터키정부 초청 장학생 선발요강,장학
,
2008/2009 중국정부 초청 장학생 선발 요강,장학
,
국내 박사과정 연구지원자 모집 안내,장학
,
2008학년도성옥장학생안내,장학
,
[리더십그룹]연합발대식 관련 설명회 안내,행사
,
행정인턴십 추가 모집 안내,모집
,
사회봉사교과목 자율신청 안내,모집
,
보조교사 추가모집!!,모집
,
"[교수학습센터]튜터, 튜티 모집",모집
,
"[교수학습센터]스터디그룹, 그룹원 모집",모집
,
<총학생회MUV>동아리 필독,학생
,
<총학생회MUV>뮤지컬 햄릿 50% 할인행사,행사
,
2008년도 국비유학생 선발시험 시행계획,장학
,
2008년 경상대 학위수여식 사진,장학
,
[급-아르바이트] 영어 학원 강사 추천 안내,행사
,
<총학생회MUV>08' 수습부원 모집,모집
,
스터디그룹 OT-3/19(수)2시,모집
,
숙명의료봉사단 3기 신입단원 모집,모집
,
[리더십그룹]연합발대식 관련 필독,모집
,
사랑과 공격성-이성 선택의 역동 (2008학년도 1학기 일정),학사
,
사랑과 공격성 - 이성 선택의 역동 (제1강),모집
,
제4기숙명장학생봉사단신입단원모집안내,모집
,
사회봉사교과목 자율신청안내,모집
,
"[교수학습센터]튜터, 튜티 모집",모집
,
"[교수학습센터]스터디그룹, 그룹원 모집",모집
,
(재공지) 신입생 환영 할인 이벤트,행사
,
<총학생회MUV> 동아리 문화그룹 신청서,모집
,
<총학생회MUV> 뮤지컬 햄릿 50% 할인,학생
,
<총학생회MUV> 08 수습부원 모집,모집
,
호주 및 뉴질래드 에어텔 상품,학사
,
2008년 3월 15일(토) MOS테스트 시간안내,행사
,
유레일패스 사면 사은품이 가득!!,학생
,
새로나온 항공권 특가모음,학생
,
대한항공 항공권 특별가모음,행사
,
2008학년도 1학기 숙명면학장려/재해장학금 추가모집,장학
,
미국 해외인턴십 참가 안내,모집
,
GE Foundation Scholar-Leaders Program 안내,학사
,
숙명가족장학금 신청안내,장학
,
[행정학과]청계산 장소변경,학사
,
MATE 영어졸업자격시험 대체강좌 안내 (2008년 8월 졸업대상자),행사
,
<총학생회MUV> 학생수첩 배부 마감 안내,행사
,
08학년도 1학기 행정인턴십 교육안내,모집
,
제 18대 국회의원 선거 부재자신고 안내,행사
,
숙명가족장학금 신청안내,장학
,
2008/2009 러시아 정부초청장학생 선발요강,장학
,
“G마켓 희망 장학금” 세부운영 안내,장학
,
2008 인도네시아정부 초청 Darmasiswa 장학생 선발 안내,장학
,
2008/2009 대만정부 초청 장학생 선발요강,장학
,
2008년도 1학기 정부보증 학자금대출 안내,장학
,
2008학년도 이공계대학원연구장학생 지원 안내,장학
,
‘08년도 1학기 경기도 기능경기대회 입상자 학비지원 안내,장학
,
신입생 기념품 수령 안내 2008.3.10~3.20,행사
,
2008/2009 터키정부 초청 장학생 선발요강,장학
,
2008/2009 중국정부 초청 장학생 선발 요강,장학
,
국내 박사과정 연구지원자 모집 안내,장학
,
[리더십그룹]연합발대식 관련 설명회 안내,행사
,
행정인턴십 추가 모집 안내,모집
,
2008년도 국비유학생 선발시험 시행계획,장학
,
2008학년도 1학기 숙명면학장려/재해장학금 추가모집,장학
,
GE Foundation Scholar-Leaders Program 안내,학사
,
숙명가족장학금 신청안내,장학
,
TESOL행정실 휴학생 아르바이트 모집,모집
,
2008-1학기 교육실습 사전설명회 개최,학사
,
"[교수학습센터]튜터, 튜티 모집",모집
,
"[교수학습센터]스터디그룹, 그룹원 모집",모집
,
<MUV>학생수첩배부 마감 안내,행사
,
스터디그룹 OT-3/19(수) 2시,모집
,
<총학생회MUV> 동아리 문화그룹 신청서,모집
,
<총학생회MUV> 08 수습부원 모집,모집
,
<총학생회MUV> 뮤지컬 햄릿 50% 할인 행사,행사
,
<총학생회MUV> 취업특강 안내,행사
,
2008년 8월 졸업예정자 초과학점 포기 안내,학사
,
2008년 3월 17일 (월) MOS 개강안내,행사
,
[교수학습]2008학년도 학습법 공모전,모집
,
[불어불문학과] 2008 개강총회,모집
,
2008 숙명 글로벌화 프로젝트,모집
,
2008 숙명통역봉사단 서류전형 합격자 발표,모집
,
인간과 환경' ' 평화학' 특별 어학연수프로그램 참가자 모집!,모집
,
2008 숙명지식봉사단 서류전형 합격자 발표,모집
,
보조교사 모집중,모집
,
2008년 8월 졸업예정자 졸업인증제 안내,학사
,
2008학년도 1학기 졸업논문제 신청 안내,학사
,
IPTV 리포터 2기 대모집!!,모집
,
[scv] 숙명문화봉사단 1차 합격자 공지 및 면접일정 안내,모집
,
건강체력실 4월 회원 모집합니다.,모집
,
[리더십그룹]연합 발대식 설명회,행사
,
사랑과 공격성 - 이성 선택의 역동 (제1강),모집
,
사랑과 공격성-이성 선택의 역동 (2008학년도 1학기 일정),학사
,
[교수학습]즐거운 책 읽기 안내,행사
,
KBS 방송콘텐츠 영상자료실 아르바이트모집,모집
,
"[교수학습센터]튜터, 튜티 모집",모집
,
"[교수학습센터]스터디그룹, 그룹원 모집",모집
,
제 18대 국회의원 선거 부재자신고 안내,행사
,
숙명가족장학금 신청안내,장학
,
2008/2009 러시아 정부초청장학생 선발요강,장학
,
“G마켓 희망 장학금” 세부운영 안내,장학
,
2008 인도네시아정부 초청 Darmasiswa 장학생 선발 안내,장학
,
2008/2009 대만정부 초청 장학생 선발요강,장학
,
2008년도 1학기 정부보증 학자금대출 안내,장학
,
2008 JAL Scholarship 프로그램 안내,모집
,
2008학년도 이공계대학원연구장학생 지원 안내,장학
,
‘08년도 1학기 경기도 기능경기대회 입상자 학비지원 안내,장학
,
신입생 기념품 수령 안내 2008.3.10~3.20,행사
,
2008/2009 터키정부 초청 장학생 선발요강,장학
,
2008/2009 중국정부 초청 장학생 선발 요강,장학
,
국내 박사과정 연구지원자 모집 안내,장학
,
[리더십그룹]연합발대식 관련 설명회 안내,행사
,
2008년도 국비유학생 선발시험 시행계획,장학
,
2008학년도 1학기 숙명면학장려/재해장학금 추가모집,장학
,
GE Foundation Scholar-Leaders Program 안내,학사
,
숙명가족장학금 신청안내,장학
,
<총학생회MUV>동아리 문화그룹 신청서,모집
,
2008-1 교육실습일자 확인,학사
,
"2008-봄학기, 성평등상담소 초청강연회",모집
,
[문과대학 리더십그룹] HUMANITAS 3기 단원 모집,모집
,
보조교사 추가인원 모집(선착순),모집
,
의료봉사단 3기 신입단원 면접대상자 발표,모집
,
행정인턴십 교육안내 공지,모집
,
"2008-1학기 선발 파견교환학생,복수학위생 교내합격자 발표",학사
,
PAS 하계 해외봉사단 선발 결과 발표,모집
,
교육방송국 SBS 43기 수습요원 합격자 발표,모집
,
[교수학습]나의 공부..나의 인생 학습법 공모전,행사
,
[교수학습]영어강의 학습전략워크숍(2차) 안내,행사
,
2008-1 사회봉사교과목 자율신청안내,모집
,
<총학생회MUV> 08 수습부원 모집,모집
,
<총학생회MUV> 취업영어&토익 특강 안내,행사
,
<총학생회MUV> 대학로 정美소 공연 『nabis햄릿』 예매대행,학생
,
2008 중국 우한대 복수학위/교환학생 오리엔테이션,학사
,
스터디그룹 OT 3/19 2시,모집
,
애송시' 낭송 축제,행사
,
제 18대 국회의원 선거 부재자신고 안내,행사
,
숙명가족장학금 신청안내,장학
,
2008년도 1학기 정부보증 학자금대출 안내,장학
,
2008학년도 이공계대학원연구장학생 지원 안내,장학
,
‘08년도 1학기 경기도 기능경기대회 입상자 학비지원 안내,장학
,
2008학년도 1학기 숙명면학장려/재해장학금 추가모집,장학
,
GE Foundation Scholar-Leaders Program 안내,학사
,
2008학년도 1학기 기초생활수급자 장학금 신청안내,장학
,
행정인턴십 모집안내,모집
,
2008년도 KT IT Master 장학생 선발안내,장학
,
"[교수학습센터]튜터, 튜티 모집",모집
,
"[교수학습센터]스터디그룹, 그룹원 모집",모집
,
<총학생회MUV> 뮤지컬 햄릿 50% 할인,학생
,
<총학생회MUV> 취업영어&토익 특강 안내,행사
,
<총학생회MUV> 대학로 정美소 공연 『nabis햄릿』 예매대행,학생
,
<총학생회MUV> 08 수습부원 모집,모집
,
<총학생회MUV> 동아리 문화그룹 신청서,모집
,
성평등상담소 - '이유명호' 선생님 초청강연회 (03/24),모집
,
<총학생회MUV> 영화 'GP506' 시사회 안내,행사
,
2008학년도 실험실습비 조교설명회개최,학사
,
사랑의 헌혈운동에 참여합시다~,행사
,
교내 정화조 청소(3/20-4/5),행사
,
[급구] 행정조교 모집,모집
,
(재공지)신입생환영 할인 이벤트,행사
,
[폴라리스] 3기 면접 일정 안내,모집
,
아시아나 유럽배낭항공권 특가 및 타노선 특가모음,학사
,
대한항공 항공권 특별가 모음,행사
,
외항사 항공권 특가모음,학생
,
"동도,선린 수학/과학보조교사 선착순모집",모집
,
[법학부] 리더십 특강 공지,모집
,
<총학생회MUV> 잔여 학생수첩 수령안내,행사
,
<총학생회MUV> 대학로 정美소 공연 『nabis햄릿』 예매대행,학생
,
숙명의료봉사단 3기 면접일정 및 장소 공지,모집
,
신입생 기념품 수령 안내 2008.3.10~3.20,행사
,
2008/2009 터키정부 초청 장학생 선발요강,장학
,
국내 박사과정 연구지원자 모집 안내,장학
,
2008년도 국비유학생 선발시험 시행계획,장학
,
2008학년도 1학기 숙명면학장려/재해장학금 추가모집,장학
,
GE Foundation Scholar-Leaders Program 안내,학사
,
숙명가족장학금 신청안내,장학
,
행정인턴십 교육안내 공지,모집
,
제 18대 국회의원 선거 부재자신고 안내,행사
,
2008학년도 이공계대학원연구장학생 지원 안내,장학
,
‘08년도 1학기 경기도 기능경기대회 입상자 학비지원 안내,장학
,
2008학년도 1학기 숙명면학장려/재해장학금 추가모집,장학
,
스터디그룹OT 오늘 2시 수련101호,학사
,
2008년도 1학기 정부보증 학자금대출 안내,장학
,
2008년도 KT IT Master 장학생 선발안내,장학
,
유레일패스를 사면 18가지혜택을 받다.,학생
,
아시아나 배낭항공권특가 및 타노선 특가,학사
,
대한항공 항공권 특가모음,행사
,
외항사 항공권 특가모음,학생
,
호주 뉴질랜드 에어텔상품,학생
,
"[교수학습센터]튜터, 튜티 모집",모집
,
[교수학습센터]스터디그룹 장소 공지,모집
,
실험실안전 기본교육 실시,행사
,
2008 숙명 글로벌화 프로젝트 서류제출 변경 사항,행사
,
2008학년도 실험실습비 조교설명회 개최,학사
,
IPTV 리포터 2기 모집! 얼른 신청하세요~!!,모집
,
"3/26(수) 진리관 6,8층 구조안전진단 협조요청",행사
,
도서검색결과 문자전송(MMS)서비스 실시 안내,행사
,
2007학년도 2학기 학기우등상 시상식 개최,학사
,
2008 문과대학 리더쉽그룹 HUMANITAS모집,모집
,
2008-1 대학원 외국어시험 장소안내,학사
,
신입생 기념품 수령 안내 2008.3.10~3.20(오늘마감),행사
,
2008/2009 터키정부 초청 장학생 선발요강,장학
,
국내 박사과정 연구지원자 모집 안내,장학
,
2008년도 국비유학생 선발시험 시행계획,장학
,
2008학년도 1학기 숙명면학장려/재해장학금 추가모집,장학
,
GE Foundation Scholar-Leaders Program 안내,학사
,
숙명가족장학금 신청안내(오늘마감),장학
,
행정인턴십 교육안내 공지,모집
,
제 18대 국회의원 선거 부재자신고 안내,행사
,
2008학년도 이공계대학원연구장학생 지원 안내,장학
,
‘08년도 1학기 경기도 기능경기대회 입상자 학비지원 안내,장학
,
2008년도 1학기 정부보증 학자금대출 안내,장학
,
튜터링그룹 OT - 3/28(금) 5시,행사
,
2008년도 KT IT Master 장학생 선발안내,장학
,
2008년 3월 22일(토) MOS테스트 시간안내,행사
,
"[국문] 노트, 과제물 찾아가세요~!!",학사
,
[국문]제31집 청파문학이 나왔습니다.,행사
,
<총학생회MUV>동아리 문화그룹 신청서,모집
,
<총학생회MUV> 새학기 레포트 무료 출력 서비스 행사,행사
,
[SCV] 숙명문화봉사단 5기 최종 합격자 발표!,모집
,
7기 숙명통역봉사단 최종합격자 발표,모집
,
『바른사회 대학생아카데미 제24기 글로벌 리더십 과정』참가 안내,모집
,
2008년 3월 모의 TOEIC,행사
,
5기 숙명지식봉사단 최종합격자 발표,모집
,
<총학생회MUV> 08 수습부원 모집,모집
,
2008/2009 터키정부 초청 장학생 선발요강,장학
,
국내 박사과정 연구지원자 모집 안내,장학
,
2008학년도 1학기 기초생활수급자 장학금 신청안내,장학
,
GE Foundation Scholar-Leaders Program 안내,학사
,
‘08년도 1학기 경기도 기능경기대회 입상자 학비지원 안내,장학
,
2008학년도 이공계대학원연구장학생 지원 안내,장학
,
제4기숙명장학생봉사단 합격자 발표,모집
,
2008년도 이공계 국가장학생 선발 안내,장학
,
2008학년도 실습비관련 조교설명회개최,학사
,
[아이비스]11기 최종 합격자 명단,모집
,
제62차 MATE 정기시험 시행 안내,학사
,
"[교수학습]나의 공부,,나의 인생..",행사
,
[IT'sU]IT리더십그룹서류합격자공지,모집
,
[총학생회MUV] 수습부원 모집합니다.,모집
,
[총학생회MUV] 뮤지컬'햄릿'50% 할인 예매 해 드립니다.,학생
,
[총학생회MUV] 문화그룹 현황 조사 신청서입니다.,행사
,
2008-2학기 교육실습안내,장학
,
<총학생회MUV> 새학기 레포트 무료 출력 서비스 행사,행사
,
<총학생회MUV> 대학로 정美소 공연 『nabis햄릿』 예매대행,학생
,
[행정학과]명화랑(행정고시준비반) 입실시험 일시 및 장소,학사
,
숙명아침운동(백로기공)전개 월~금 8:30~9:00AM,행사
,
"숙명 건강체력검사 3월 26~28 (신체조성, 골밀도, 체력검사, 스트레스검사)",모집
,
2008년 3월 24일 (월) MOS 개강안내,모집
,
"미국 워싱턴대학교, 특별한 어학연수 프로그램 참가자 모집!",모집
,
2008-1학기 교육실습 사전설명회자료,학사
,
2007학년도 2학기 학기우등상 시상식 개최 안내,학사
,
숙명의료봉사단 3기 2차면접공지,모집
,
[IT'sU]IT리더십그룹 면접공지,모집
,
2008 S리더십 글로벌화 프로젝트 모집,모집
,
제62차 MATE 정기시험 시행 안내,학사
,
2008/2009 터키정부 초청 장학생 선발요강,장학
,
국내 박사과정 연구지원자 모집 안내,장학
,
2008학년도 1학기 기초생활수급자 장학금 신청안내,장학
,
사랑의 헌혈 운동에 참여하세요~,행사
,
GE Foundation Scholar-Leaders Program 안내,학사
,
2008학년도 이공계대학원연구장학생 지원 안내,장학
,
2008년도 이공계 국가장학생 선발 안내,장학
,
사랑의 헌혈운동에 참여하세요~~,행사
,
[홍보광고학과]이벤트 산업의 현황-홍보광고학과 주최 특강 안내,행사
,
[교수학습]영어 프레젠테이션 준비하기 워크숍 안내,행사
,
[교수학습]나의 공부..나의 인생.. 학습법 공모전,행사
,
"[교수학습]스터디그룹 장소, 포기사유서",학사
,
문신미술관 임시 휴관안내,행사
,
[국제관계대학원]3/25국제명사강연시리즈1,학사
,
신편입생 신체검사 결과지 배부 안내,행사
,
제3기 도서관봉사단(SMARTeer) 합격자를 발표합니다.,모집
,
숙명환경봉사단 서류합격자 면접전형 안내,모집
,
[금융직취업희망자필독-특강] 금융직 취업 100% 성공 노하우,행사
,
2008 대사협 자원봉사 프로그램 공모 안내,모집
,
자연계 실험실안전 교육 참석 안내,학사
,
2008년 4월 모의 TOEIC,행사
,
[SBS iptv]Who are you 1회 당첨자,행사
,
제62차 MATE 정기시험 시행 안내,학사
,
2008/2009 터키정부 초청 장학생 선발요강,장학
,
국내 박사과정 연구지원자 모집 안내,장학
,
2008학년도 1학기 기초생활수급자 장학금 신청안내,장학
,
GE Foundation Scholar-Leaders Program 안내,학사
,
2008학년도 이공계대학원연구장학생 지원 안내,장학
,
2008년도 이공계 국가장학생 선발 안내,장학
,
경상대 리더십 그룹 발표,행사
,
IPTV 공지신청 안내,장학
,
[교수학습센터]스터디그룹 추가 모집,모집
,
[국제관계]3/25일 국제명사강연시리즈!,학사
,
(재공지)신입생환영할인이벤트,행사
,
유레일패스한장에 18가지 혜택을!!,학생
,
폴라리스 3기 합격자 내일(3/26 수) 발표,모집
,
3월 학사퀴즈에 응모하세요~,행사
,
2008학년도 1학기 문화그룹 현황조사 실시 안내,학사
,
2008 S리더십 글로벌화 프로젝트 모집,모집
,
급구[장애우]장애학생 수업도우미 신청안내,모집
,
"미국 워싱턴대학교 '평화학','인간과환경' 특별 어학연수 프로그램",모집
,
박코치 소리 영어 훈련소 4월훈련 공지!,모집
,
"교원임용시험 설명회 개최(3/26, 17:00)",행사
,
숙명 학생 홍보대사 앰배서더 10기 합격자 발표,모집
,
ABLE Leader 1차 서류전형 합격자와 면접 일정 입니다.,학사
,
튜터링그룹 OT - 3/28(금) 5시,행사
,
급구[장애우]장애학생 수업도우미 신청안내,모집
,
[총학생회 MUV] 등록금 협상 결과 보고,행사
,
2008년 4월 모의 TOEIC,행사
,
2008/2009 터키정부 초청 장학생 선발요강,장학
,
국내 박사과정 연구지원자 모집 안내,장학
,
2008학년도 1학기 기초생활수급자 장학금 신청안내,장학
,
GE Foundation Scholar-Leaders Program 안내,학사
,
2008학년도 이공계대학원연구장학생 지원 안내,장학
,
2008년도 이공계 국가장학생 선발 안내,장학
,
[교수학습센터]스터디그룹 추가 모집,모집
,
[도서관]학술 Web DB 이용교육 - 4월 프로그램,행사
,
입학관리팀 장기 인턴 모집,모집
,
폴라리스 3기 합격자 발표,모집
,
박코치 소리 영어 훈련소 4월 개강 공지!,모집
,
제62차 MATE 정기시험 시행 안내,학사
,
[국어교육]임용고사특강 안내,행사
,
2008 해외활동페어 글로벌 코디네이터 모집,모집
,
캐나다 불어권 영화제 및 특강,행사
,
조교장학금 지급안내,장학
,
[교수학습센터]스터디그룹 추가모집,모집
,
2008년 3월 29일(토) MOS테스트 시간안내,학사
,
<총학생회MUV>등록금 협상 결과 보고,행사
,
[총학생회MUV] 대의원회 소집 공지,행사
,
[법학부] 사시관련 특강 공지,학사
,
제62차 MATE 정기시험 시행 안내,학사
,
Language Exchange Program Students 모집,모집
,
2008년 4월 모의 TOEIC,행사
,
2008/2009 터키정부 초청 장학생 선발요강,장학
,
국내 박사과정 연구지원자 모집 안내,장학
,
GE Foundation Scholar-Leaders Program 안내,학사
,
2008학년도 1학기 기초생활수급자 장학금 신청안내,장학
,
2008년도 이공계 국가장학생 선발 안내,장학
,
조교장학금 지급안내,장학
,
2008년 4월 MATE 졸업자격시험 시행 안내,학사
,
[IT'sU]IT리더십그룹 최종 합격자 공지,모집
,
2008학년도 1학기 행정인턴십 추가교육안내,모집
,
제 6회 서비스분야 우수 연구논문 공모,행사
,
유레일패스 한장사면 18가지특별선물이!!,행사
,
실험실 위험물 안전 실태 조사 결과 및 당부사항,학사
,
[모의입사경진대회]이력서/자기소개서 컨설팅 받자~!,행사
,
[교수학습센터]스터디그룹 추가모집,모집
,
용산소방서 출동 훈련(4/1 오후 3시경),행사
,
[제4기 시장경제체험단] 모집,모집
,
2008/2009 불가리아 정부초청장학생 선발요강,장학
,
IPTV 리포터 2기 최종합격자 발표!!,모집
,
5기 숙명환경봉사단 최종합격자 안내,모집
,
국내문화탐방 장학생 신청 공고,장학
,
2008년 3월 31일 (월) MOS 개강안내,행사
,
[총학생회 MUV] 대의원회 소집 공지,행사
,
SSAT 응시자 검사결과 확인,모집
,
박코치 소리 영어 훈련소 4월 훈련 공지!,모집
,
2008년 4월 모의 TOEIC,행사
,
2008년 4월 MATE 졸업자격시험 시행 안내,학사
,
2008/2009 터키정부 초청 장학생 선발요강,장학
,
MATE 졸업자격시험안내입니다.,행사
,
GE Foundation Scholar-Leaders Program 안내,학사
,
2008학년도 1학기 기초생활수급자 장학금 신청안내,장학
,
조교장학금 지급안내,장학
,
2008학년도 1학기 행정인턴십 추가교육안내,모집
,
[제4기 시장경제체험단] 모집,모집
,
제 51호 사법시험 대비 1차 주요과목(헌법/민법/형법) 특강,행사
,
2008/2009 불가리아 정부초청장학생 선발요강,장학
,
2008 해외활동페어 글로벌코디네이터 모집,모집
,
2008 해외인터넷청년봉사단 추천팀(특별전형) 선발 안내,모집
,
[교수학습]영어강의 학습전략워크숍 3차,행사
,
[교수학습]주관식시험 답안 작성법,학사
,
[총학생회MUV] nabis햄릿 예매대행 기간연장 안내,행사
,
[국어교육]임용고사 특강 안내,행사
,
화재 출동 훈련실시 안내,행사
,
[총학생회MUV] 허브티 야외 카페,학생
,
2008/2009 터키정부 초청 장학생 선발요강,장학
,
GE Foundation Scholar-Leaders Program 안내,학사
,
2008/2009 불가리아 정부초청장학생 선발요강,장학
,
행정인턴십 추가 교육 안내 공지,모집
,
조교장학금 지급 안내,장학
,
국내문화탐방 장학생 신청 공고,장학
,
「제4기 시장경제체험단」모집,모집
,
2008년 4월 MATE 졸업자격시험 시행 안내,학사
,
[경영전문대학원] 전임조교B 모집,모집
,
MATE 졸업자격시험안내입니다.,행사
,
"2008 1학기 학생봉사활동 및 학술,문화 활동 실적 자료 제출 안내",모집
,
"정전안내(4/16, 심야11시~새벽2시)",행사
,
2008년도 녹산재단 장학생 모집요강,장학
,
박코치 소리 영어 훈련소 4월 훈련 공지!,모집
,
숙명의료봉사단 3기 합격자 발표,모집
,
2008 해외활동페어 글로벌코디네이터 모집,모집
,
2008년 4월 모의 TOEIC,행사
,
<총학생회MUV>대의원회 소집공지,행사
,
새로나온 외항사 항공권 특가모음,학생
,
한국교육학술정보원 '해외논문 구매지원서비스' 오픈안내,장학
,
<총학생회MUV> 스쿨버스 운행 관련,학생
,
유레일패스 한장구매에 18가지혜택을!!,학생
,
무료특강: 입과 귀가 트이는 영어공부법,행사
,
[총학생회MUV] 허브티 야외 까페,학생
,
[마감] 아시아여성연구소 연구원 모집,모집
,
[총학생회MUV] 황사마스크 배부 안내,행사
,
2008년 4월 MATE 졸업자격시험 시행 안내,학사
,
MATE 졸업자격시험안내입니다.,행사
,
2008/2009 터키정부 초청 장학생 선발요강,장학
,
GE Foundation Schoar-Leaders Program,학생
,
2008/2009 불가리아 정부초청장학생 선발요강,장학
,
행정인턴십 추가 교육 안내 공지,모집
,
2008년 4월 5일(토) MOS테스트 시간안내,학사
,
조교장학금 지급 안내,장학
,
2008학년도 1학기 국내문화탐방 장학생 신청 공고,장학
,
2008년도 녹산재단 장학생 모집요강,장학
,
웹메일서비스 일시중지 안내 (4/6 09:00 ~ 18:00),행사
,
[교수학습]주관식시험 답안작성법 안내,학사
,
[총학생회MUV] 황사마스크 배부 안내,행사
,
[경영학부]경영학부 학생 아르바이트 모집,모집
,
박코치 소리 영어 훈련소 4월 훈련 공지~!,모집
,
2008/2009 터키정부 초청 장학생 선발요강,장학
,
GE Foundation Schoar-Leaders Program,학생
,
2008학년도 이공계대학원연구장학생 지원 안내,장학
,
조교장학금 지급 안내,장학
,
행정인턴십 추가 교육 안내 공지,모집
,
[제4기 시장경제체험단] 모집,모집
,
2008년 4월 MATE 졸업자격시험 시행 안내,학사
,
MATE 졸업자격시험안내입니다.,행사
,
2008/2009 불가리아 정부초청장학생 선발요강,장학
,
국내문화탐방 장학생 신청 공고,장학
,
2008년도 녹산재단 장학생 모집요강,장학
,
2008/2009 이집트정부초청 아랍어연수생 선발,장학
,
2008/2009 이집트 Al-Azhar재단 장학생 선발,장학
,
2008/2009 이집트 국제농업센터(EICA) 초청 연수생 선발,장학
,
2008 S리더십 글로벌화 프로젝트 1차 서류전형 발표,행사
,
2008 대학생 멘토링 멘토 합격자 발표,모집
,
[총학생회MUV] 동아리 회장단 회의 안내,행사
,
2008년 3월 31일 (월) MOS 개강안내,행사
,
무료특강: 입과 귀가 트이는 영어공부법,행사
,
[총학생회MUV] 황사마스크 배부 안내,행사
,
2008-1학기 중간시험 실시,학사
,
[리더십그룹] ABLE Leader 5기 합격자 발표,모집
,
2008년 4월 MATE 졸업자격시험 시행 안내,학사
,
MATE 졸업자격시험안내입니다.,행사
,
2008/2009 터키정부 초청 장학생 선발요강,장학
,
GE Foundation Schoar-Leaders Program,학생
,
[제4기 시장경제체험단] 모집,모집
,
2008/2009 불가리아 정부초청장학생 선발요강,장학
,
국내문화탐방 장학생 신청 공고,장학
,
2008년도 녹산재단 장학생 모집요강,장학
,
행정인턴십 추가 교육 안내 공지,모집
,
2008 리더십그룹 연합 발대식,모집
,
2008/2009 이집트정부초청 아랍어연수생 선발,장학
,
2008/2009 이집트 Al-Azhar재단 장학생 선발,장학
,
2008/2009 이집트 국제농업센터(EICA) 초청 연수생 선발,장학
,
2008년 4월 모의 TOEIC 접수 마감,행사
,
[교수학습]전공별 학습법 세미나 안내,학사
,
[교수학습]영어강의 워크숍 3차 마감안내,모집
,
[교수학습]주관식시험답안작성법안내,학사
,
[총학생회MUV] 동아리 회장단 소집 공고,학생
,
[국제관계대학원]4/16(수)국제명사강연시리즈,학사
,
Language Exchange Program Students 모집(중국어),모집
,
"학생 봉사활동 및 학술, 문화 활동실적 자료 제출 안내",모집
,
[무료특강]입과 귀가 트이는 영어공부법,행사
,
[총학생회MUV] 4/14대의원회 소집공고,행사
,
2008년 4월 MATE 졸업자격시험 시행 안내,학사
,
MATE 졸업자격시험안내입니다.,행사
,
외항사 항공권 특가모음,학생
,
호주 뉴질랜드 에어텔상품,학생
,
유레일패스1장구매에 18가지 혜택이,행사
,
4월 학사퀴즈에 응모하세요~,행사
,
2008 대사협 하계 한국대학생해외봉사단 참가자 선발 안내,모집
,
[총학생회MUV] 4/14대의원회 소집공고,행사
,
[총학생회MUV] 동아리회장단 소집공고,학생
,
스터디그룹 1차 그룹장 모임-4/14일(월)~17(목),행사
,
2008 대사협 주최 대학 해외봉사활동 프로그램 공모 안내,모집
,
튜터 2차 모임 4/18(금),학사
,
2008년 4월 MATE 졸업자격시험 시행 안내,학사
,
MATE 졸업자격시험안내입니다.,행사
,
2008/2009 터키정부 초청 장학생 선발요강,장학
,
GE Foundation Scholar-Leaders Program 안내,학사
,
제4기 시장경제체험단 모집안내,모집
,
2008/2009 불가리아 정부초청장학생 선발요강,장학
,
[무료특강] 입과 귀가 트이는 영어공부법 오늘PM3:30,행사
,
2008학년도 1학기 국내문화탐방 장학생 신청 공고,장학
,
2008년도 녹산재단 장학생 모집요강,장학
,
2008 숙명리더십그룹 연합발대식,모집
,
2008/2009 이집트정부초청 아랍어연수생 선발요강,장학
,
2008/2009 이집트 Al-Azhar재단 장학생 선발요강,장학
,
2008/2009 이집트 국제농업센터(EICA) 초청 연수생 선발 요강,장학
,
2008 Wuhan Summer Program 참가자 모집,모집
,
2008 해외인터넷청년봉사단 추천팀(특별전형) 선발 안내,모집
,
2008 대사협 하계 한국 대학생 해외봉사단 참가자 선발 안내,모집
,
"2008 1학기 학생 봉사활동 및 학술,문화 활동 실적 자료 제출 안내",모집
,
외항사 항공권 특별가모음,학사
,
유레일패스 한장구매하면 18가지 혜택이 쏟아져요,학생
,
[총학생회MUV] 동아리 소집 공고,학생
,
제3회 S 리더십 학술대회 개최,행사
,
스터디그룹 1차 그룹장 모임-4/14일(월)~17(목),행사
,
튜터 2차 모임 4/18(금),학사
,
[국제관계대학원]4/16국제명사강연시리즈2,학사
,
2008 해외활동(Study&Travel)페어 개최,행사
,
제7기 숙명통신원 합격자 발표,모집
,
[총학생회MUV] 4/14대의원회 소집공고,행사
,
[총학생회MUV] 동아리방 실적 조사서,학생
,
[4학년 필독] 졸업앨범 촬영 공지,학사
,
2008년 4월 MATE 졸업자격시험 시행 안내,학사
,
MATE 졸업자격시험안내입니다.,행사
,
2008/2009 터키정부 초청 장학생 선발요강,장학
,
GE Foundation Scholar-Leaders Program 안내,학사
,
2008/2009 불가리아 정부초청장학생 선발요강,장학
,
2008학년도 1학기 국내문화탐방 장학생 신청 공고,장학
,
2008년도 녹산재단 장학생 모집요강,장학
,
2008 숙명리더십그룹 연합발대식,모집
,
2008/2009 이집트정부초청 아랍어연수생 선발요강,장학
,
2008/2009 이집트 Al-Azhar재단 장학생 선발요강,장학
,
2008/2009 이집트 국제농업센터(EICA) 초청 연수생 선발 요강,장학
,
2008 Wuhan Summer Program 참가자 모집,모집
,
[4/11] 학생일반우편 도착 알림,모집
,
[4학년 필독] 졸업앨범 촬영공지,학사
,
[홍보광고]2008학년도 1학기 졸업논문(논문/어학능력인증)신청자 명단,학사
,
교내-유럽 배낭여행설명회 개최,행사
,
<총학생회MUV> 동아리방 재배치 관련 문건,학생
,
[총학생회MUV] 4월 14일 대의원회 소집 공고,행사
,
2008년 4월 12일(토) MOS테스트 시간안내,행사
,
[중문과] 논문 지도교수님 연락처,학사
,
제8회 숙명사랑듬뿍바자회 물품기증안내,행사
,
"2008 1학기 학생 봉사활동 및 학술, 문화활동 실적자료 제출안내",모집
,
[국어국문]졸업논문 제출 및 정보인증 일정 공고,학사
,
[정보방송학과]졸업논문 지도교수배정 안내,학사
,
[4학년 필독] 졸업앨범 촬영 날짜 및 시간,학사
,
[4학년 필독]졸업앨범 촬영공지,학사
,
숙명리더십그룹 연합봉사 참가자모집,모집
,
2008 해외활동 페어 개최,행사
,
2008/2009 터키정부 초청 장학생 선발요강,장학
,
GE Foundation Scholar-Leaders Program 안내,학사
,
2008/2009 불가리아 정부초청장학생 선발요강,장학
,
2008학년도 1학기 국내문화탐방 장학생 신청 공고,장학
,
2008년도 녹산재단 장학생 모집요강,장학
,
2008 숙명리더십그룹 연합발대식,모집
,
2008/2009 이집트 Al-Azhar재단 장학생 선발요강,장학
,
[스터디그룹]1차 그룹장모임 4/14~17,행사
,
[4학년 필독] 졸업앨범 촬영 날짜 및 시간,학사
,
[4학년 필독] 졸업앨범 촬영 공지,학사
,
[총학생회MUV] 4월14일(월) 대의원회소집공고,행사
,
문신미술관 빛갤러리 기획공모작가 유관석-'의식의 형상'전,행사
,
"2008 1학기 학생 봉사활동 및 학술, 문화활동 실적자료 제출안내",모집
,
[국제관계]4/16(수)Phillip Raskin 특강,행사
,
숙명 홈페이지 계정 발급 정책 변경 안내,행사
,
[마감]TESOL 토요일 행정실 아르바이트 구합니다.,모집
,
[국문] 졸업 논문 제출 및 정보인증 합격증 제출 일정에 관한 공지,학사
,
[문과대학 리더십그룹] HUMANITAS 3기 단원 모집 합격자명단입니다.,모집
,
2008 리더십그룹 연합봉사 지원마감되었습니다.,모집
,
[일본학과] 2008년1학기 졸업논문지도교수 배정 안내,학사
,
2008년 백상 장학생 선발 공고,장학
,
[Hospitality MBA] 입학설명회에초대합니다.,행사
,
[식품영양] 바이오푸드 네트워크 사업단 채용공고,모집
,
2008 Wuhan Summer Program 참가자 모집,모집
,
제 4기 시장경제체험단 모집,모집
,
2008/2009 불가리아 정부초청장학생 선발요강,장학
,
2008학년도 1학기 국내문화탐방 장학생 신청 공고,장학
,
2008년도 녹산재단 장학생 모집요강,장학
,
2008/2009 이집트 국제농업센터(EICA) 초청 연수생 선발 요강,장학
,
2008숙명인연합봉사 모집마감되었습니다.,모집
,
유레일패스 한장 구매에 18가지사은품이...,학생
,
커뮤니티 서비스 일시 중지 (4/15 23:00~),행사
,
교내-유럽배낭여행 설명회 개최,행사
,
[4학년필독]졸업앨범 촬영날짜 및 시간,학사
,
[4학년필독]졸업 앨범 촬영 공지,학사
,
[총학생회MUV] 허브티 야외 카페,학생
,
(NEW)외항사 항공권 모음,학생
,
숙명사랑듬뿍바자회 개최 및 물품 기증 안내,행사
,
[오늘특강]Phillip Raskin(Burson-Marsteller Korea),행사
,
"2008 1학기 학생봉사활동 및 학술,문화활동 실적자료 제출 안내",모집
,
2008-1학기 중간시험 실시,학사
,
"선린, 서울여중 보조교사 추가모집",모집
,
교내-유럽배낭여행설명회 개최,행사
,
교내 인터넷서비스 일시정지 안내 (4/17 22:00~24:00),학사
,
2008-1 강의자료 제작 워크숍 [대학원생 대상],행사
,
증명서 우편발송 서비스가 이렇게 달라졌어요~,학생
,
행정관 냉난방 중단(4/15-6/30),행사
,
오늘 교내서 배낭여행설명회 해요,행사
,
외항상 항공권 할인가 모음,행사
,
중문과 2008년 하계 단기연수(상해 사범대),장학
,
[졸준위] 졸업앨범 메이크업 예약안내,학사
,
[졸준위] 메이크업 야외 시연회,학사
,
[4학년 필독]졸업앨범 촬영 날짜 및 시간,학사
,
[4학년 필독]졸업앨범 촬영 공지,학사
,
튜터 2차 모임 4/18(금),학사
,
2008 Wuhan Summer Program 참가자 모집,모집
,
[졸준위]우천 시 졸업 앨범 촬영 여부,학사
,
2008년 4월 모의 TOEIC 시간 및 장소 공지,학사
,
2008학년도 S리더십 글로벌화 프로젝트 최종 선발팀 및 발대식 공지,모집
,
2008년 4월 19일(토) MOS테스트 시간안내,행사
,
2008학년도 1학기 국내문화탐방 장학생 신청 공고,장학
,
2008 청파은혜제/성년례 안내,행사
,
[졸준위]메이크업 야외 시연회,학사
,
[4학년 필독]졸업 앨범 촬영 날짜 및 시간,학사
,
[4학년 필독]졸업앨범 촬영공지,학사
,
[졸준위] 졸업앨범 메이크업 예약 안내,학사
,
[4학년 필독]졸업앨범 촬영 날짜 및 시간,학사
,
[4학년 필독]졸업앨범 촬영 공지,학사
,
[졸준위]졸업앨범 메이크업 예약 안내,학사
,
[졸준위]우천 시 앨범 촬영 여부,학생
,
2008년 8월 졸업예정자 졸업예정자료 확인 안내,학사
,
2008 청파은혜제/성년례 안내,행사
,
[교수학습]학습법 공모전 및 우수 학습사례 선정작,행사
,
[정보통신처]무선랜 아이디 발급정책 변경,학생
,
국제휠체어마라톤대회 봉사자 OT 안내,행사
,
[4학년 필독]졸업앨범 촬영 날짜 및 시간,학사
,
[4학년필독]졸업앨범 촬영 공지,학사
,
[졸준위]메이크업 예약 안내,학사
,
[4학년 필독]우천 시 졸업 앨범 촬영 여부,학사
,
중문과 2008년 하계 단기연수(상해 사범대),장학
,
취업지도조교 급여 및 보험 관련/교번 안내,행사
,
삼성생명 연계 봉사활동 신청자 안내사항,모집
,
[총학생회MUV] 시험 잘보세요~^^,학생
,
2008학년도 1학기 국내문화탐방 장학생 신청 공고,장학
,
2008/2009 이집트 국제농업센터(EICA) 초청 연수생 선발 요강,장학
,
2008 청파은혜제/성년례 안내,행사
,
"2008 1학기 학생 봉사활동 및 학술,문화 활동 실적 자료 제출 안내",모집
,
숙명사랑듬뿍바자회 개최 및 물품 기증 안내,행사
,
사랑의 헌혈운동에 참여하세요~,행사
,
행정관 냉난방 개보수 공사(4/26-5/1),학사
,
유럽배낭여행및 항공권 구매 적기 및 할인 !,학사
,
[국문] 졸업논문 제출 및 정보인증 합격증 제출 일정에 관한 공지,학사
,
재학생 무료 건강검진 실시,모집
,
[학술 Web DB]ProQuest DB 일시 중단 안내,행사
,
[총학생회MUV] 깜짝 시험간식^^ !!,학생
,
제17회서울국제휠체어마라톤대회 봉사자 공지사항(2008숙명리더십그룹연합봉사),모집
,
2008 숙명인 연합봉사 참가자 공지사항,모집
,
사랑의 헌혈 운동에 참여하세요!,행사
,
자연계 실험실안전교육 (보충) 참석안내,학사
,
[4학년 필독]졸업앨범 촬영 날짜 및 시간,학사
,
[4학년 필독]졸업앨범 촬영 공지,학사
,
[졸준위]졸업앨범 메이크업 예약 안내,학사
,
[4학년 필독] 우천 시 앨범 촬영 여부,학사
,
항공권 및 유럽배낭여행 정보 안내,장학
,
2008 청파은혜제/성년례 안내,행사
,
교내 가스시설 사용시 안전교육 실시(시설지원팀),모집
,
5월 17일 MATE 졸업자격시험 시행 안내,학사
,
2008학년도 1학기 국내문화탐방 장학생 신청 공고,장학
,
2008년 4월 28일 (월) MOS 개강안내,행사
,
[4학년 필독]졸업앨범 촬영 날짜 및 시간,학사
,
[4학년 필독] 졸업앨범 촬영 공지,학사
,
[4학년 필독]우천 시 졸업앨범 촬영 여부,학사
,
[졸준위]메이크업 예약 안내,학사
,
[링구아] 박코치 영어 훈련소 5월 훈련공지!!,모집
,
2008 청파은혜제/성년례 안내,행사
,
2008학년도 1학기 국내문화탐방 장학생 신청 공고,장학
,
2008 창업동아리 우수아이템 개발 지원사업 안내,장학
,
[4학년 필독]졸업앨범 촬영 날짜 및 시간,학사
,
[4학년 필독]졸업앨범 촬영 공지,학사
,
[4학년 필독]우천시 졸업앨범 촬영 여부,학사
,
[졸준위]메이크업 예약 안내,학사
,
[교수학습]영어 레포트 작성하기 워크숍 안내,행사
,
[교수학습]보고서 작성법 워크숍 안내,행사
,
[링구아]박코치 영어 훈련소 5월 훈련 공지!,모집
,
제3회 농촌 희망대학장학생 수기 공모전 시행안내,장학
,
[시사회] 영화 <페넬로피> 시사회 안내,행사
,
제8회 숙명사랑듬뿍바자회 행사 품목 안내,행사
,
5월 17일 MATE 졸업자격시험 시행 안내,학사
,
MATE 졸업자격시험안내입니다.,행사
,
행정관 냉난방 개보수 공사 협조 안내 2,학사
,
숙명국제여름학교(SISS 2008) 예비수강신청 놓치지 마세요!,학사
,
[식품영양] 실험실안전교육 참석안내,학사
,
KTF&숙명_3G모바일멀티미디어콘텐츠공모전,행사
,
제8회 숙명사랑듬뿍바자회 행사 품목 가격 안내,행사
,
[총학생회MUV] 허브티 야외카페,학생
,
2008학년도 1학기 총장 재학생 간담회,학사
,
(의류학과) 실험실 안전 교육을 실시합니다.,모집
,
[국문]학술기행 공지,학사
,
[링구아]박코치 소리 훈련소 5월 훈련 공지!,모집
,
[총학생회MUV] 동아리 회장단 회의 소집 공고,학생
,
5월 17일 MATE 졸업자격시험 시행 안내,학사
,
MATE 졸업자격시험안내입니다.,행사
,
[링구아]2008년 5월 모의 TOEIC,행사
,
2008 청파은혜제/성년례 안내,행사
,
2008학년도 1학기 총장 재학생 간담회,학사
,
[도서관]도서특별할인전,행사
,
제8회 사랑듬뿍 바자회 행사품목 가격안내,행사
,
[시사회] 영화 '페넬로피' 시사회 안내,행사
,
숙명국제여름학교(SISS 2008) 예비수강신청 놓치지 마세요!,학사
,
정영양자수박물관 임시 휴관 안내,행사
,
KTF&숙명_모바일멀티미디어콘텐츠공모전,행사
,
"[H.Report 제22호] 명성은 측정할 수 있으며, 따라서 관리할 수 있다.",행사
,
5월 17일 MATE 졸업자격시험 시행 안내,학사
,
MATE 졸업자격시험안내입니다.,행사
,
녹색연합 생태현장나눔강좌 안내,학사
,
자연과학계 실험실안전교육 참석안내,학사
,
(중문과) 단기 하계 연수 공지 - 마감임박,모집
,
[4학년필독]졸업앨범 촬영 날짜 및 시간,학사
,
[4학년 필독]졸업앨범 촬영공지,학사
,
[4학년 필독] 우천 시 졸업앨범 촬영 여부,학사
,
[졸준위] 메이크업 예약 안내,학사
,
[교수학습]영어강의 학습전략워크숍 4차 접수 마감,행사
,
[교수학습]보고서작성법워크숍 안내,행사
,
2008년 5월 3일(토) MOS테스트 시간안내,학사
,
2008 해외활동페어 경품 당첨자 안내,장학
,
[링구아]박코치 소리 훈련소 5월 훈련공지!,모집
,
[총학생회MUV] 동아리 부스 신청서,행사
,
[도서관] 할인판매 마지막날입니다,행사
,
2008 청파은혜제/성년례 안내,행사
,
2008학년도 1학기 총장 재학생 간담회,학사
,
5월 17일 MATE 졸업자격시험 시행 안내,학사
,
MATE 졸업자격시험안내입니다.,행사
,
2차 스터디 그룹장 모임,모집
,
유레일패스및 유럽배낭여행 안내,장학
,
[졸준위]메이크업 전문업체 끌레이지예약안내,학사
,
[동아일보] 18대 국회의원 당선자 웹사이트 분석해보니…,학생
,
[이타임즈] 국회의원 당선자 홈페이지 평가,행사
,
[링구아]박코치 소리 훈련소 5월 공지!,모집
,
5월 17일 MATE 졸업자격시험 시행 안내,학사
,
MATE 졸업자격시험안내입니다.,행사
,
"제1회 기업인, 도전과 열정의 스토리 공모전",행사
,
정영양자수박물관 임시 휴관 안내,행사
,
2008학년도 1학기 총장 재학생 간담회,학사
,
2008 청파은혜제 성년례 안내,행사
,
제3회 농촌 희망대학장학생 수기 공모전 시행안내,장학
,
2008년 8월 졸업예정자 대상 MATE 특별시험 시행 안내,학사
,
"2008 1학기 학생 봉사활동 및 학술,문화 활동 실적 자료 제출 안내",모집
,
[4학년필독]졸업앨범 촬영 날짜 및 시간,학사
,
[4학년 필독]졸업앨범 촬영공지,학사
,
[4학년 필독] 우천 시 졸업앨범 촬영 여부,학사
,
[졸준위] 5월 10일 추가촬영 신청,모집
,
2008학년도 1학기 총장 재학생 간담회,학사
,
구충제 무료 배부,행사
,
[마감] 아시아여성연구소 연구원 초빙 공고,모집
,
총장님 출장 공지,행사
,
[총학생회MUV] 학과 축제 부스 신청,행사
,
[총학생회MUV] 청파제 공연 지원서,행사
,
[시사회] 영화 '페넬로피' 시사회 안내,행사
,
2008 청파은혜제 성년례 안내,행사
,
5월 17일 MATE 졸업자격시험 시행 안내,학사
,
MATE 졸업자격시험안내입니다.,행사
,
2008년 8월 졸업예정자 대상 MATE 특별시험 시행 안내,학사
,
2008학년도 1학기 총장 재학생 간담회,학사
,
[총학생회MUV] 동아리 부스 관련 추첨안내,행사
,
AI 발생 관련 일반 국민 행동 요령,학사
,
KTF&숙명_모바일멀티미디어콘텐츠공모전,행사
,
AI와 관련된 유의사항 안내,학사
,
<총학생회MUV> 리더십 그룹 부스 신청서,행사
,
그녀의 S다이어리 e-Book,행사
,
[4학년필독]졸업앨범 촬영 날짜 및 시간,학사
,
[4학년 필독]졸업앨범 촬영공지,학사
,
[4학년 필독] 우천 시 졸업앨범 촬영 여부,학사
,
[졸준위] 메이크업 예약 안내,학사
,
[졸준위] 5월 10일 추가촬영 신청,모집
,
2008 청파은혜제 성년례 안내,행사
,
2008학년도 1학기 총장 재학생 간담회,학사
,
KTF&숙명_모바일멀티미디어컨텐츠공모전,행사
,
5월 17일 MATE 졸업자격시험 시행 안내,학사
,
MATE 졸업자격시험안내입니다.,행사
,
2008년 8월 졸업예정자 대상 MATE 특별시험 시행 안내,학사
,
[총학생회MUV] 리더십그룹 축제부스 신청,행사
,
2차 스터디그룹장 모임,모집
,
"2008 1학기 학생 봉사활동 및 학술, 문화 활동 실적 자료 제출 안내",모집
,
유레일패스 및 유럽배낭여행 안내,장학
,
[총학생회MUV] 학과 부스 추첨 안내,행사
,
2008 해외활동페어 경품 당첨자 안내,장학
,
숙명여대 교육방송국 SBS 제33회 방송제 안내,행사
,
2008학년도 1학기 총장 재학생 간담회,학사
,
5월 17일 MATE 졸업자격시험 시행 안내,학사
,
MATE 졸업자격시험안내입니다.,행사
,
2008년 8월 졸업예정자 대상 MATE 특별시험 시행 안내,학사
,
외항사 항공권 할인가 모음,학생
,
[특강]영어과외는 내가 접수한다.,행사
,
"영문학부 60주년 기념축제 (5월 17일, 토요일)",행사
,
[당첨자 발표] 스승님께 감사메시지 전하기 이벤트,행사
,
[졸준위]앨범미촬영자 추가 촬영 신청,모집
,
[총학생회] 청파장기자랑 참가자 모집,모집
,
[총학생회] 학과 및 리더십 그룹 부스 재배치 결과 공지,행사
,
[4학년 필독]5월 13일 졸업앨범 촬영이 연기되었습니다.,학사
,
청파제 관련 주차장 이용안내,학사
,
2008학년도 1학기 총장 재학생 간담회,학사
,
[5/13] 학생일반우편 도착 알림,학사
,
외항사 항공권 할인가 모음,학생
,
유레일 패스 및 유럽배낭여행 안내,장학
,
커뮤니티 파일 업·다운로드 복구 안내 (5/14 07:00),학사
,
2008년 8월 졸업예정자 대상 MATE 특별시험 시행 안내,학사
,
2008학년도 1학기 총장 재학생 간담회,학사
,
외부장학금 수혜 사실 조사 안내,장학
,
똑똑하고 알뜰한 숙대생들을 위한 제안,학생
,
[총학생회 MUV] 동아리 주점 부스 포함 부스 배치 최종본,학생
,
[총학생회 MUV]청파장기자랑 예선전 공지,학생
,
2008년 8월 졸업예정자 대상 MATE 특별시험 시행 안내,학사
,
외부장학금 수혜 사실 조사 안내,장학
,
2008학년도 1학기 총장 재학생 간담회,학사
,
자궁경부암이란?,모집
,
자궁경부암 예방접종 실시,행사
,
제1회 숙명 English Essay Contest 시상식 연기 안내,행사
,
[총학생회MUV] 청파제,행사
,
대학원학칙 및 학칙시행세칙 개정안 공지,학사
,
2008학년도 1학기 총장 재학생 간담회,학사
,
외항사 항공권 할인 모음,학생
,
[총학생회]둘째날 부스자리배치 수정,행사
,
외부장학금 수혜 사실 조사 안내,장학
,
2008학년도 1학기 총장 재학생 간담회,학사
,
5월14일(화)순헌관319호실 회계감사후 USB이동저장장치 분실,학사
,
2008 숙명인 연합봉사 이야기(UCC),모집
,
정영양자수박물관 특별전 행사 안내,행사
,
[생중계] Campus Class&Concert,행사
,
[총학생회MUV] 2008년도 청파제 쑈,행사
,
[총학생회MUV] 청파제 이벤트 1. 무브를 찾아라,행사
,
[재연기 공지]국내문화탐방 장학생 선발공고,장학
,
2008학년도 1학기 총장 재학생 간담회,학사
,
외부장학금 수혜 사실 조사 안내,장학
,
"셋째날 학과, 리더십그룹 부스자리배치 수정",행사
,
[국제관계대학원]5/29국제명사강연시리즈3,학사
,
건강체력실 6월 회원 모집 안내,모집
,
2008학년도 1학기 총장 재학생 간담회,학사
,
[특강]영어 독해는 어떻게 가르칠까?,행사
,
[스터디그룹]2차 그룹장모임 5/19(월)~21(수),학사
,
교내 AI와 관련된 안내(2),학사
,
똑똑하고 알뜰한 숙대생들을 위한 제안,학생
,
2008 숙명인연합봉사 이야기 (감동UCC버전),모집
,
의류학과 공개 논문 심사 일정,학사
,
2008년 5월 19일 (월) MOS 개강안내,학사
,
배낭여행 상품 및 유럽 유레일패스 안내,장학
,
[4학년필독]일본학/관현악/도시조경/화학과 졸업앨범 촬영 일정,학사
,
[졸준위]졸업앨범비 환불신청 안내,학사
,
[재연기 공지]국내문화탐방 장학생 선발공고,장학
,
2008학년도 1학기 총장 재학생 간담회,학사
,
외부장학금 수혜 사실 조사 안내,장학
,
2008학년도 1학기 총장 재학생 간담회,학사
,
[스터디그룹]2차 그룹장모임-5/19(월)~21(수),학사
,
KTF&숙명_모바일멀티미디어콘텐츠공모전,행사
,
LG CYON휴대폰 무료 AS(5/19~21),학사
,
똑똑하고 알뜰한 숙대생들을 위한 제안,학생
,
우학재단 ‘학비 및 생계비 지원대상자’ 선발 공고,장학
,
91차(4월) 학사퀴즈 당첨자 발표!!,행사
,
제7회 숙명토론대회 진행봉사자 사전 교육 실시,행사
,
[총학생회MUV] 청파제 이벤트 당첨자 공지,행사
,
2008대학생멘토링 멘토 간담회 안내,모집
,
[총학생회MUV] MUV와 하는 야외카페,학생
,
외부장학금 수혜 사실 조사 안내,장학
,
SISS 08 본수강신청 놓치지 마세요!,학사
,
[취업페스티벌] 취업희망하는 숙명인 모여라!!,행사
,
제1회 숙명 English Essay Contest 결과 발표 및 시상식 안내,행사
,
[링구아]박코치훈련소 6월 및 여름방학 훈련 공지!,모집
,
국내문화탐방 장학생 명단 공지,장학
,
KTF3G콘텐츠공모전제안서 접수마감일(~22일 오후 5시),행사
,
(주)이마스 인턴사원 모집,모집
,
교원그룹 대학생 인턴사원 모집,모집
,
2008학년도 1학기 평생교육사 실습 신청 안내,장학
,
「2008 민관협력우수사례공모대회」,행사
,
제 11회 좋은 방송을 위한 시민의 비평상,행사
,
[국제관계]5/27 필리핀 주한 대사 특강,행사
,
이제는 세계여행! + 어학UP특강,행사
,
[취업페스티벌] 취업하고 싶은 숙명인! 다 모여라~~,행사
,
[링구아]박코치 훈련소 6월 및 여름방학 훈련공지,모집
,
외부장학금 수혜 사실 조사 안내,장학
,
우학재단 ‘학비 및 생계비 지원대상자’ 선발 공고,장학
,
국내문화탐방 장학생 명단 공지,장학
,
2008 여름계절 사회봉사교과목 수강안내,학사
,
제63차 MATE 정기시험 시행 안내,학사
,
2008년 5월 24일(토) MOS테스트 시간안내,학사
,
2008년 1학기 의류학과 졸시 결과 및 2차 시험 일정 공지,학사
,
"[취업페스티벌] 서류클리닉, 해외인턴십 등! 취업하고 싶은 숙명인 모여라~~",행사
,
숙명인의 안전을 위한 순찰 실시 안내,행사
,
제63차 MATE 정기시험 시행 안내,학사
,
2008 SISS 본수강신청 놓치지 마세요!,학사
,
외부장학금 수혜 사실 조사 안내,장학
,
우학재단 ‘학비 및 생계비 지원대상자’ 선발 공고,장학
,
재학생 건강검진 결과지 배부 안내,행사
,
국내문화탐방 장학생 명단 공지,장학
,
숙명인의 안전을 위한 순찰 실시 안내,행사
,
"2008년 1학기 봉사활동 및 학술, 문화 활동실적 자료 제출 안내",학사
,
[링구아]박코치 소리 훈련소 6월 훈련 및 여름 방학 공지!,모집
,
[졸준위]졸업앨범비 환불신청 안내,학사
,
[동아일보] “청와대 웹사이트도 소통 부재”,학생
,
"[연합뉴스] 웹접근성 외교통상부와 경찰청 최우수, 청와대 최하",학생
,
[IT'sU]와이브로 홍보행사 당첨자 발표,행사
,
"정전안내(5/31, 순헌관 5~6시)",학사
,
계절학기 사회봉사교과목 수강안내,학사
,
제7회 숙명토론대회 결선대회,행사
,
100원의 기적 들어보셨나요?[숙명환경봉사단과 함께하는 굿네이버스 기부운동],모집
,
MATE 체험하기 & 설명회 개최 안내,행사
,
의류학과 석사 공개논문심사 장소 변경,학사
,
2008학년도 국제관계대학원 후기 신입생 모집,모집
,
[5월27일] 필리핀 주한대사 특강,행사
,
[국제관계대학원]5/29 손지애CNN서울지국장 특강 안내,학사
,
이벤트 마지막 주간입니다 *^^*,행사
,
[링구아]2008년 6월 모의 TOEIC,행사
,
커뮤니티 콘텐츠 Contest!,행사
,
2008-1 수업평가 시행 안내,학사
,
SISS 2008 본수강신청 놓치지 마세요!,학사
,
외부장학금 수혜 사실 조사 안내,장학
,
국내문화탐방 장학생 명단 공지,장학
,
숙명인의 안전을 위한 순찰 실시 안내,행사
,
제63차 MATE 정기시험 시행 안내,학사
,
"2008년 1학기 봉사활동 및 학술, 문화 활동실적 자료 제출 안내",학사
,
MATE 체험하기 & 설명회 개최 안내,행사
,
계절학기 사회봉사교과목 수강안내,학사
,
100원의 기적 들어보셨나요?[숙명환경봉사단과 함께하는 굿네이버스 기부운동],모집
,
조교 교육 안내 : 2008 학생활동실적 조사 및 관리 업무 처리 관련,모집
,
2008학년도 후기 국제관계대학원 모집안내,장학
,
냉방기 시운전(5/27-5/29),학사
,
[IT'sU]와이브로 홍보행사 당첨자 발표,행사
,
영국 문화원에서 듣는 영국 대학 강의,모집
,
"[상품이 와르르] MP3, USB 등 다양한 상품 팡팡!!",행사
,
[링구아]박코치 영어 훈련소 6월 훈련 공지!!!,모집
,
코타키나바루/세부특가여행,행사
,
숙명인의 안전을 위한 순찰 실시 안내,행사
,
SISS 본수강신청 놓치지 마세요!,학사
,
제63차 MATE 정기시험 시행 안내,학사
,
MATE 체험하기 & 설명회 개최 안내,행사
,
[졸준위]졸업앨범 환불신청 안내,학사
,
재학생 건강검진 결과지 배부 안내,행사
,
국제학생증 발급 안내,학사
,
[국제명사강연시리즈]손지애 CNN서울지국장 특강,행사
,
규정시행(20080526),학사
,
[총학생회MUV] 미국산 쇠고기수입 입장 표명,학생
,
SISS 2008 본수강신청 오늘까지입니다!,학사
,
제63차 MATE 정기시험 시행 안내,학사
,
외부장학금 수혜 사실 조사 안내,장학
,
국내문화탐방 장학생 명단 공지,장학
,
숙명인의 안전을 위한 순찰 실시 안내,행사
,
사랑의 헌혈 캠페인 취소 공지,행사
,
2008년 5월 31일(토) MOS테스트 시간안내,학사
,
[졸준위] 졸업앨범 환불신청안내,학사
,
국내문화탐방단 2차 사전교육 안내,모집
,
u-Kiosk 증명발급 중지 안내,학사
,
중어중문학과 18대 원어연극 추가오디션,행사
,
2008년 6월 모의 TOEIC,행사
,
[총학생회]오늘 촛불집회에 관련한 두 번째 입장표명,학생
,
계절학기 사회봉사교과목 수강안내,학사
,
"2008-1 수업평가 시행 안내(대학, 대학원)",학사
,
외부장학금 수혜 사실 조사 안내,장학
,
제63차 MATE 정기시험 시행 안내,학사
,
숙명인의 안전을 위한 순찰 실시 안내,행사
,
국제학생증 발급 안내,학사
,
[졸준위]졸업앨범 환불신청 안내,학사
,
2008학년도 2학기 전공선택 실시,학사
,
[총학생회]어제(5월 29일) 서울광장 촛불집회 참석 및 향후계획,학사
,
시계 분실하신 분 MATE 사무실로 연락주십시오.,학생
,
[링구아]박코치 소리 훈련소 6월 훈련 공지!,모집
,
숙명여자대학교 에너지 절약 캠페인 선포식 안내,학사
,
우학재단 ‘학비 및 생계비 지원대상자’ 선발 공고,장학
,
숙명인의 안전을 위한 순찰 실시 안내,행사
,
대학원학칙 및 학칙시행세칙 시행(20080519),학사
,
국내문화탐방단 3차 사전교육 안내,모집
,
6월 21일 MATE 졸업자격시험 시행 안내,학사
,
정전안내,장학
,
2008-1학기 보조교사 봉사활동확인안내,모집
,
중어중문학과 제18대 원어연극 추가 오디션,행사
,
08-1실험실안전교육 참석현황 알림,학사
,
2008학년도 2학기 기숙사 이용 안내,장학
,
실험실안전점검 결과공개 (08-1),학사
,
1학기 사회봉사교과목 실습보고서입력 및 출석확인서 제출안내,학사
,
6월 21일 MATE 졸업자격시험 시행 안내,학사
,
[학부]2차 졸업준비설명회 개최 안내,학사
,
2008-1 수업평가 시행 안내,학사
,
학생활동실적제출 및 우수학생장학금 장학생 선발 일정 안내,장학
,
국제학생증 발급 안내,학사
,
[총학생회MUV] 6.5 행진 함께하자!,행사
,
[링구아]2008년 6월 모의 TOEIC,행사
,
우학재단 ‘학비 및 생계비 지원대상자’ 선발 공고,장학
,
2008-1학기 기말시험 실시,학사
,
2008학년도 2학기 기초생활수급자 장학금 신청안내,장학
,
6월 21일 MATE 졸업자격시험 시행 안내,학사
,
2008학년도 2학기 기숙사 이용 안내,장학
,
학생활동실적제출 및 우수학생장학금 장학생 선발 일정 안내,장학
,
현충일 국기달기 계획 (교육과학기술부),장학
,
[총학생회MUV] 뉴라이트 소문에 대한 입장표명,학생
,
[듀오 아카데미] 제5회 커리어 우먼으로 가는 PRO 취업 특강,행사
,
[총학생회MUV] 6.5 행진 함께하자!,행사
,
[국문] 2008년 2기 멘토프로그램(외국인을 위한 한국어 교사 양성 과정) 멘티 모집,모집
,
[졸준위] 졸업앨범사진 확인 및 선택기간,학사
,
[총학생회MUV]촛불집회 유의사항,행사
,
[총학생회MUV]광우병 대책위 제안 답변,학생
,
6월 21일 MATE 졸업자격시험 시행 안내,학사
,
유행성 눈병 예방,행사
,
[총학생회MUV]국무총리와의 시국토론 안내,행사
,
컨닝하셨쎄여?-캠퍼스 정직문화운동!,행사
,
현충일(6/6) 도서관 휴관 안내,행사
,
2008 여름계절 사회봉사교과목 안내,학사
,
2008-1 수업평가 시행 안내,학사
,
1학기 사회봉사교과목 실습보고서입력 및 출석확인서 제출안내,학사
,
[4학년필독]졸업앨범사진 확인 및 선택기간,학사
,
6월 21일 MATE 졸업자격시험 시행 안내,학사
,
MATE 졸업자격시험안내입니다.,행사
,
2008학년도 2학기 기숙사 이용 안내,장학
,
학생활동실적제출 및 우수학생장학금 장학생 선발 일정 안내,장학
,
2008-1 수업평가 시행 기간 연장 안내,학사
,
국제학생증 발급 안내,학사
,
6월 10일 동맹휴업을 위한 총투표 실시,행사
,
2008년 졸업자격인증(정보능력) 대체수업 개설 안내,학사
,
임마누엘 연주홀 대관 신청(6/9-6/16) 공고,장학
,
08-2 청파갤러리 대관신청(6/9-6/16) 공고,장학
,
학생증 발급 일시중지 안내,학사
,
[총학생회MUV]SBS 뉴스 오보 정정합니다!,행사
,
[총학생회MUV]총투표 결과에 따른 행동방안,학생
,
[총학생회MUV]총투표 결과 보고,행사
,
6월 21일 MATE 졸업자격시험 시행 안내,학사
,
MATE 졸업자격시험안내입니다.,행사
,
2008학년도 2학기 기숙사 이용 안내,장학
,
학생활동실적제출 및 우수학생장학금 장학생 선발 일정 안내,장학
,
2008-1 수업평가 연장 안내,학사
,
[4학년필독]졸업앨범사진 확인 및 선택기간,학사
,
[복구완료] 순헌관 무선랜 네스팟 일시중지안내,학사
,
재학생 무료 건강검진 결과지 배부,행사
,
[정치외교학과] 교직이수자 선발 안내,장학
,
여름계절 사회봉사교과목 자율신청안내,학사
,
2008' 1학기 총장-재학생 간담회 회의록,학사
,
6월 21일 MATE 졸업자격시험 시행 안내,학사
,
MATE 졸업자격시험안내입니다.,행사
,
2008학년도 2학기 기숙사 이용 안내,장학
,
2008' 1학기 총장-재학생 간담회 회의록,학사
,
숙명 에너지 절약 캠페인 'MUST SAVE THE ENERGY,학생
,
캠퍼스 정직문화운동 - 컨닝하시맙시다,행사
,
정부보증 학자금 대출이자지원 안내,장학
,
수업평가 오늘 마감합니다.!!!,모집
,
[사이버강의] 학부사이버강의 로그인 테스트 안내,학사
,
[도서관]2008년 대학원 졸업예정자 학위논문 제출 설명회,학사
,
6월 21일 MATE 졸업자격시험 시행 안내,학사
,
MATE 졸업자격시험안내입니다.,행사
,
6월 21일 MATE 졸업자격시험 시행 안내,학사
,
MATE 졸업자격시험안내입니다.,행사
,
(의류학과) 2008학년도 2차 졸업시험 결과 공지,학사
,
2008학년도 2학기 기숙사 이용 안내,장학
,
학생활동실적제출 및 우수학생장학금 장학생 선발 일정 안내,장학
,
[무료 영어공부] SM English Book Club,행사
,
여름학기 영어강좌 안내,모집
,
2008년 졸업자격인증(정보능력) 대체수업 개설 안내,학사
,
정전안내,장학
,
대학생 맞춤형 세관체험 프로그램,행사
,
한자 자격증(국가공인2급) 취득 강의안내,학사
,
여름방학 중 도서관 개관시간 안내,행사
,
학생활동실적제출 및 우수학생장학금 장학생 선발일정,장학
,
2008학년도 2학기 기초생활수급자 장학금 신청안내,장학
,
2008년도 2학기 농촌출신대학생 학자금 무이자융자 신청요강 안내,장학
,
2008학년도 2학기 기숙사 이용 안내,장학
,
SSAT 응시자 결과 확인,행사
,
해외여행자를 위한 말라리아 예방 안내,행사
,
LMS(장문문자) 서비스 오픈,학생
,
[제7회 숙명토론대회] 결선 우수토론평가서 제출자,행사
,
2008년 대학원 졸업예정자 학위논문 제출 설명회 개최,학사
,
규정시행(20080616),학사
,
학생활동실적제출 및 우수학생장학금 장학생 선발일정,장학
,
2008년도 2학기 농촌출신대학생 학자금 무이자융자 신청요강 안내,장학
,
2008학년도 2학기 기숙사 이용 안내,장학
,
여름계절 사회봉사교과목 자율신청안내,학사
,
방학 중 IPTV 운영안내,행사
,
국제학생증 발급 안내,학사
,
[4학년필독]앨범사진수정 '찾아가는 서비스' 안내,학사
,
[임시휴무 공지]2008년 직원연수 관련 휴무 안내,학사
,
학생활동실적제출 및 우수학생장학금 장학생 선발일정,장학
,
2008년도 2학기 농촌출신대학생 학자금 무이자융자 신청요강 안내,장학
,
2008학년도 2학기 기숙사 이용 안내,장학
,
학생증 발급 일시중지 안내,학사
,
2008년 6월 21일(토) MOS테스트 시간안내,학사
,
[식품영양]식품영양학과 교직이수자 선발안내,학사
,
[총학생회MUV] 여름 농촌봉사 같이가요~!!,모집
,
여름학기 영어강좌 안내,모집
,
숙명인의 '영어뽀개기' 프로젝트가 선보입니다!!,행사
,
마치다교수 담당 일본어 성적 문의 방법,학사
,
[링구아] 박코치 영어 훈련소 7월 공지,모집
,
<총학생회MUV>후기 집행부원을 모집합니다.,모집
,
학생활동실적제출 및 우수학생장학금 장학생 선발일정,장학
,
2008학년도 2학기 기초생활수급자 장학금 신청안내,장학
,
2008학년도 2학기 기숙사 이용 안내,장학
,
[지방 거주학생]2008-2 강의시간표 우편발송 신청 안내,장학
,
[헤드라인뉴스팀] 10기 1차 합격자발표,모집
,
[4학년필독]앨범사진수정'찾아가는 서비스'안내,학사
,
[링구아]박코치 소리 영어 훈련소 7월 공지,모집
,
2008학년도 의류학과 교직이수자 선발안내,장학
,
[총학생회MUV]농촌 봉사활동 같이가요~!!,학생
,
2008학년도 2학기 기숙사 이용 안내,장학
,
학생활동실적제출 및 우수학생장학금 장학생 선발일정,장학
,
2008년도 2학기 농촌출신대학생 학자금 무이자융자 신청요강 안내,장학
,
2008학년도 2학기 기초생활수급자 장학금 신청기간 연장 안내,장학
,
2008년 후기 학부 및 일반대학원 재입학 안내,학사
,
[4학년필독]졸업앨범 사진 수정안내,학사
,
[헤드라인뉴스팀] 10기 2차 합격자발표,모집
,
[링구아] 박코치 영어 훈련소 7월 훈련 공지!,모집
,
[경영전문대학원] 조교모집,모집
,
[영어교육평가실] 등록금 조교 모집,모집
,
<총학생회MUV>농촌 봉사활동 같이가요~!!,학생
,
2008년도 2학기 농촌출신대학생 학자금 무이자융자 신청요강 안내,장학
,
[정치외교] 교직이수 선발안내,장학
,
2008학년도 2학기 기숙사 이용 안내,장학
,
학생활동실적제출 및 우수학생장학금 장학생 선발일정,장학
,
2008년도 2학기 농촌출신대학생 학자금 무이자융자 신청요강 안내,장학
,
해외여행자를 위한 말라리아 예방 안내,행사
,
국제학생증 발급 안내,학사
,
[4학년필독]졸업앨범 사진 수정안내,학사
,
해외여행 건강수칙 안내,행사
,
[졸준위] 증명사진 배부,행사
,
2008-2학기 교양과목 학점취득 특별시험 안내,학사
,
[지방 거주학생]2008-2 강의시간표 우편발송 신청 안내,장학
,
2008학년도 2학기 기숙사 이용 안내,장학
,
학생활동실적제출 및 우수학생장학금 장학생 선발일정,장학
,
해외여행 건강수칙 안내,행사
,
2008학년도 2학기 농촌출신대학생 학자금 신청안내,장학
,
학진등재지 <아시아여성연구> 47-2호 논문공모,학사
,
총장님 출장 공지,행사
,
[졸준위] 졸업앨범환불신청,학사
,
2008년 6월 28일(토) MOS테스트 시간안내,학사
,
메스핀선생님과 함께함께하는 Free Bible Study,행사
,
[화학과] 교직과정 이수자 선발안내,장학
,
2008학년도 2학기 기숙사 이용 안내,장학
,
해외여행 건강수칙 안내,행사
,
2008학년도 2학기 농촌출신대학생 학자금 신청안내,장학
,
[링구아] 박코치 소리 훈련소 7월 공지!,모집
,
[링구아] 2008년 7월 모의 TOEIC 안내,행사
,
[총학생회MUV]박미석씨의 복직을 반대한다,학생
,
7월 19일 MATE 졸업자격시험 시행 안내,행사
,
단수 안내(7/5-7/6),행사
,
7월 19일 MATE 졸업자격시험 시행 안내,행사
,
"졸업논문, 정보인증, 영어인증 심사결과 조회 안내",학사
,
"계절 사회봉사교과목 출석확인서 제출, 실습보고서 입력안내",학사
,
2008년 2학기 2차 농촌학자금 신청안내(7/2~7/11),장학
,
7월 19일 MATE 졸업자격시험 시행 안내,행사
,
기 수료자 졸업신청 안내,모집
,
08년도 대한민국 인재상(대통령상) 신청 안내,모집
,
7월 19일 MATE 졸업자격시험 시행 안내,행사
,
2008년 7월 5일(토) MOS테스트 시간안내,행사
,
화장실 온수 공급공사 안내,학사
,
7월 19일 MATE 졸업자격시험 시행 안내,행사
,
2008/2학기 교양과목 학점취득특별시험 안내,학사
,
2008/2학기 학/석사연계과정 지원자 모집안내,장학
,
2008학년도 1학기 석차조회 연기 안내,학사
,
"계절 사회봉사교과목 출석확인서 제출, 실습보고서 입력안내",학사
,
냉난방기(FCU) 청소 안내,학사
,
2008학년도 2학기 기숙사 입사신청 안내,장학
,
2008/1 석차조회 안내,학사
,
7월 19일 MATE 졸업자격시험 시행 안내,행사
,
2008학년도 여름계절학기 성적조회 안내,학사
,
정부보증 학자금대출 시행 지연 안내,장학
,
7월 19일 MATE 졸업자격시험 시행 안내,행사
,
2009년 2학기 2차 농촌출신대학생학자금융자 신청안내(6/8~6/22),장학
,
기숙사 2008년 2학기 입사신청 공지,장학
,
[국문] 2008학년도 교직과정이수예정자 선발 공지,학사
,
2008학년도 2학기 계속수학 신청 안내,장학
,
7월 19일 MATE 졸업자격시험 시행 안내,행사
,
웹메일 서비스 일시중지 안내 (7/9 22:00 ~ 23:00),행사
,
[졸준위] 졸업앨범 환불 관련 공지,학사
,
7월 19일 MATE 졸업자격시험 시행 안내,행사
,
2009-1학기 교육실습 안내,장학
,
2008년 7월 12일(토) MOS테스트 시간안내,행사
,
우수봉사상(두레/섬김장학금) 추천 안내,장학
,
한국고등교육재단 장학생 선발안내(~ 8.11),장학
,
농촌희망재단 2008학년도 2학기 성적우수장학생 선발 공고,장학
,
2008-2학기 교양과목 학점취득 특별시험 실시 안내,학사
,
08' 대한민국 인재상(대통령상) 신청 안내,모집
,
교내 Adobe제품군 이용안내,학사
,
제1캠퍼스 정전일정 공지,학사
,
제12기 재학생 광고모델 최종 발표,모집
,
추석열차표필요하신분!!,학사
,
새로나온 특가항공권 모음,학생
,
삼성전자 안승준 전무의 [직업과 경력개발] 2학기 수강생 모집,모집
,
2학기 학부 강의시간표 배부 안내,학사
,
졸업예정학기 수강신청 전 필독사항!!!,학사
,
"학점이수표 전공선택 나, 다군 반영 안내",학사
,
2008년 7월 19일(토) MOS테스트 시간안내,행사
,
2008년 7월 21일(월) MOS 개강안내,행사
,
교내 모든 IT서비스 일시중단 안내 (7/25 22:00 ~ 7/26 12:00),행사
,
추석 열차표 필요하신분들 보세요,학사
,
제64차 MATE 정기시험 시행 안내,학사
,
기숙사비 관련 공지사항,학사
,
제64차 MATE 정기시험 시행 안내,학사
,
새로나온 특가항공권 모음!!,학생
,
필독!! 기숙사 운영안 관련 공지(문의 내용에 대한 답변),학사
,
06학번 대상 2008학년도 기숙사 신청 공지,학사
,
제64차 MATE 정기시험 시행 안내,학사
,
학칙개정예고,학사
,
제64차 MATE 정기시험 시행 안내,학사
,
2008년 7월 26일(토) MOS테스트 시간안내,행사
,
"2008학년도 2학기 숙명면학장려/후생복지 장학금 장학생 선발, 확정 공지",장학
,
2008 여름계절학기 우수봉사자 추천안내,장학
,
[7/24] 학생일반우편 도착 알림,모집
,
볼런티어 코디네이터의 자원봉사 안내,행사
,
[총학생회MUV]일본의 독도영유권 주장 규탄 서한 제출 및 성명서 낭독,학생
,
[어학원]박코치 8월 방학 마무리 훈련!,모집
,
기숙사 새이름 모집 공고,모집
,
우수학생장학생 선발일정 안내,장학
,
제64차 MATE 정기시험 시행 안내,학사
,
극성수기 여행특가상품,학생
,
8월 16일 MATE 졸업자격시험 시행 안내,학사
,
2008년 7월 28일(월) MOS 개강안내,모집
,
[필독] 취업경력개발원 주관 교과목 안내~!!!,행사
,
"2008학년도 2학기 장소사용신청(8/1, 9시부터)",학사
,
제1캠퍼스 전체 정전안내 (2차),학사
,
[경영학부] 행정조교A 모집합니다.,모집
,
2008-2학기 교양과목 학점취득 특별시험 안내,학사
,
[링구아] 박코치 8월 빡시게 훈련 공지!,모집
,
8월 16일 MATE 졸업자격시험 시행 안내,학사
,
2009년 2월 졸업예정자중 MATE 졸업인증 미필자 필독_대체강좌안내,학사
,
"2008학년도 2학기 숙명면학장려/후생복지 장학금 장학생 선발, 확정 공지",장학
,
YES 프로그램과 함께하는 취업 JOB기 안내문,모집
,
8월 16일 MATE 졸업자격시험 시행 안내,학사
,
2008-2 조교제도 안내문,장학
,
교내 모든 IT서비스 일시중단 안내 (8/1 00:30 ~ 05:30),학사
,
기숙사 입사 대상자 발표 공지,학사
,
기숙사 입사 대상자 제출 서류 관련 공지(입사대상자 필독!!),학사
,
8월 16일 MATE 졸업자격시험 시행 안내,학사
,
2008년 8월 2일(토) MOS테스트 시간안내,학사
,
PC실습센터에서 수업관련 장소사용 신청안내,학사
,
[링구아] 박코치 8월 빡시게 훈련 공지!,모집
,
"2008학년도 2학기 숙명면학장려/후생복지 장학금 장학생 선발, 확정 공지",장학
,
8월 16일 MATE 졸업자격시험 시행 안내,학사
,
2008년 8월 졸업심사결과 조회 안내,학사
,
졸업심사결과에 대한 이의신청 안내,학사
,
2008학년도 2학기 외국인 학생을 위한 버디 모집,모집
,
2008년 8월 4일(월) MOS 개강안내,행사
,
8월 16일 MATE 졸업자격시험 시행 안내,학사
,
수련교수회관 정전사고 공지,학사
,
수련교수회관 복구완료,행사
,
수련교수회관 긴급 정전공지,학사
,
8월 16일 MATE 졸업자격시험 시행 안내,학사
,
명신관 인터넷서비스 일시중단 안내 (8/5 10:00 ~ 22:00),학사
,
2008년 8월 모의 TOEIC 안내,행사
,
PC실습센터 수업관련 장소사용 신청안내,학사
,
볼런티어 코디네이터의 자원봉사안내,행사
,
2008/1 여름계절학기 우수봉사자(두레/섬김) 추천 안내,학사
,
8월 16일 MATE 졸업자격시험 시행 안내,학사
,
꽃매미 방제작업 8월6일 오전 실시,행사
,
[2008-2] 재학생 등록안내 (학부 및 일반/특수/원격/경영전문대학원),학사
,
‘08-2학기 기초생활수급자 장학금 추가 신청안내,장학
,
한국산업인력공단 2008년 하반기 학자금 대부사업 안내,장학
,
PC실습센터 수업관련 장소사용 신청안내,학사
,
사회봉사교과목 수강안내,모집
,
[졸준위]졸업앨범 환불 추가 신청 안내,학사
,
[박물관] 박물관 임시 휴관 안내,행사
,
총장님 출장공지,행사
,
2008년 1학기 여름계절학기 우수봉사자(두레/섬김)추천안내,학사
,
2008년 8월 9일(토) MOS테스트 시간안내,행사
,
PC 실습센터 수업관련 장소사용 신청안내,학사
,
[졸준위] 졸업앨범 환불 추가 신청 안내,학사
,
후기 졸업식 학위복대여 공지,학사
,
2008년 8월 모의 TOEIC,행사
,
명신관 네트워크 일시중단 안내 (8/11 10:00 ~ 22:00),학사
,
2008대학생멘토링 1학기말 수료식 및 평가회 안내,학사
,
[졸준위] 2008년 8월 졸업예정자 졸업앨범 수령안내,학사
,
[박물관] 박물관 임시 휴관 안내,행사
,
2008-1 여름계절 우수봉사자 추천안내,학사
,
한국산업인력공단 2008년 하반기 학자금 대부사업 안내,장학
,
[졸준위]졸업앨범 환불 신청 안내,학사
,
웹메일시스템 기존편지 별도 편지함 분류작업,학생
,
숙명리더십그룹 S리더십 체험학습 프로그램 안내,모집
,
문신미술관 임시휴관안내,행사
,
2008-2학점취득특별시험 신청자확인 및 시험장소 안내,학사
,
PC 실습센터 수업관련 장소사용 신청안내,학사
,
숙명리더십그룹 S리더십 체험학습 참가자 안내,모집
,
기숙사 입사 최종 확정자 명단,학사
,
2008학년도 2학기 정부보증 학자금대출 안내,장학
,
숙명리더십그룹 S리더십 체험학습 프로그램 안내,모집
,
[박물관] 박물관 임시 휴관 안내,행사
,
2007학년도 후기 학위수여식 개최 안내,학사
,
[부고] 경상대학 경영학부 조경순교수님 별세,학사
,
새로나온 항공권특가모음,학생
,
PC실습센터 수업관련 장소사용 신청에 대한 공지,학사
,
[졸준위]졸업앨범 환불 신청 안내,학사
,
[졸준위] 2008년 8월 졸업예정자 졸업앨범 수령안내,학사
,
2008년 제6회 발명장학생 선발 안내,장학
,
제6회 여성발명경진대회,행사
,
숙명리더십그룹 S리더십 체험학습 프로그램 안내,모집
,
숙명리더십그룹 S리더십 체험학습 참가자 안내,모집
,
2008학년도 2학기 정부보증 학자금대출 안내,장학
,
"2008학년도 2학기 휴학,복학 신청 안내",학사
,
정전안내 (수련교수회관/학생회관),행사
,
[LinguaExpress]가을학기 영어강좌 안내,행사
,
2008년 8월 18일(월) MOS 개강안내,행사
,
숙명리더십그룹 S리더십 체험학습 프로그램 안내,모집
,
숙명리더십그룹 S리더십 체험학습 참가자 안내,모집
,
[졸준위] 2008년 8월 졸업예정자 졸업앨범 수령안내,학사
,
[졸준위][오늘마감] 졸업앨범 환불신청 안내,학사
,
[공지] 학칙시행세칙 및 직제규정 개정안 시행(20080811),학사
,
대학원학칙 시행(20080811),학사
,
[4학년필독] 졸업앨범 '찾아가는 서비스' 안내,학사
,
2008.2학기 신규 시간제등록생 학번 공지,학사
,
기숙사 2차 입사 확정자 공지 지연 안내,학사
,
2008학년도 2학기 입국교환학생 버디 선발자,장학
,
사회봉사교과목 사전교육 안내,모집
,
기숙사 2차 입사확정자 공지(개별메일발송),학사
,
제1회 숙명 자원봉사 공모전 안내,행사
,
새공지)항공권특가모음,학사
,
볼런티어 코디네이터의 자원봉사안내,행사
,
2008년 8월 23일(토) MOS테스트 시간안내,학사
,
[Udisk] 졸업생은 미리 백업을 받으세요.,학생
,
[졸준위] 2008년 8월 졸업예정자 졸업앨범 수령안내,학사
,
2007 후기 졸업자 졸업증명서 발급 안내,행사
,
일반영어실 교과목 안내,모집
,
순헌관 전광판 임시 송출 중단 안내,학사
,
2008년도 중소기업 근로자 학자금 지원사업 안내,장학
,
2008학년도 2학기 튜터링 프로그램 시행 안내,장학
,
2008학년도 2학기 스터디그룹 시행 안내,장학
,
[교수학습]영어강의 학습전략워크숍 안내,행사
,
국적기 항공권특별가 모음,장학
,
2008년 8월 25일(월) MOS 개강안내,행사
,
건강체력실 9월 회원 모집 안내,모집
,
[4학년필독]졸업앨범'찾아가는 서비스'안내,학사
,
2007 후기 졸업자 졸업증명서 발급 안내,행사
,
2008학년도 2학기 정부보증 학자금대출 안내,장학
,
2008년도 중소기업 근로자 학자금 지원사업 안내,장학
,
[총학생회MUV]총학생회 홈페이지를 열었습니다,학생
,
[총학생회MUV]동아리 회장단 소집 및 회의,학생
,
2008-2 대학원 석/박사과정 외국어시험 실시 및 외국어시험 면제신청 안내,학사
,
뮤지컬 맨오브라만차 8월까지 숙대생 특별할인,학생
,
2008학년도 2학기 튜터링 프로그램 시행 안내,장학
,
2008학년도 2학기 스터디그룹 시행 안내,장학
,
[교수학습]영어강의 학습전략워크숍 안내,행사
,
사회봉사 교과목 사전교육 안내,모집
,
제1회 숙명 자원봉사 공모전 안내,행사
,
2008학년도 2학기 스터디그룹 시행 안내,장학
,
2008년 9월 모의 TOEIC,행사
,
2008년 고속도로 장학금 지급 안내문,장학
,
2008년 제6회 발명장학생 선발 안내,장학
,
2008학년도 2학기 정부보증 학자금대출 안내,장학
,
[총학생회MUV]총학생회 홈페이지를 열었습니다,학생
,
2008년 8월 30일(토) MOS테스트 시간안내,학사
,
2008 2학기 대학생 멘토링 면접대상자 안내,장학
,
[총학생회MUV] 2학기 스쿨버스 운행 안내,행사
,
[졸준위] 2008년 8월 졸업예정자 졸업앨범 수령안내,학사
,
[4학년필독] 졸업앨범 '찾아가는 서비스' 안내,학사
,
2008-2학기 국제교류프로그램 설명회 및 상담부스 운영,행사
,
2008학년도 2학기 스터디그룹 시행,학사
,
2008학년도 2학기 튜터링 프로그램 시행,학사
,
[총학생회MUV]총학생회 홈페이지를 열었습니다,학생
,
한경-랑세스 제7회 <<전국 대학생 Business Presentation Contest>>,행사
,
구매팀 행정인턴십모집,모집
,
가을학기 외국어강좌 안내,장학
,
[조기마감] 도서관 디카플라자 행정인턴십 모집,모집
,
[총학생회MUV] 2학기 스쿨버스 운행 안내,행사
,
2008학년도 2학기 정부보증 학자금대출 안내,장학
,
2008년도 중소기업 근로자 학자금 지원사업 안내,장학
,
2008년 2학기 튜터링 프로그램 시행,학사
,
2008년 2학기 스터디그룹 시행,모집
,
[교수학습]영어강의 학습전략 워크숍 안내,행사
,
2008년 9월 모의 TOEIC,행사
,
[수강생필참]사회봉사교과목 사전교육 안내,모집
,
[졸준위]졸업앨범 수령안내,학사
,
[4학년필독]졸업사진'찾아가는 서비스'안내,학사
,
제증명 발급 임시 중단 안내,행사
,
9월 20일 MATE 졸업자격시험 시행 안내,행사
,
볼런티어 코디네이터의 자원봉사안내,행사
,
[링구아]박코치 소리 훈련소 9월 새학기 훈련!,모집
,
[총학생회MUV] 2학기 스쿨버스 운행 안내,행사
,
[총학생회MUV] 한가위 귀향버스 운행 안내,학생
,
[국문]1학기 과제물 관련,학사
,
2008학년도 2학기 정부보증 학자금대출 안내,장학
,
2008년도 중소기업 근로자 학자금 지원사업 안내,장학
,
[총학생회MUV]총학생회 홈페이지를 열었습니다,학생
,
KT Wibro 모뎀 S/W 업그레이드 요망,학생
,
튜터링 프로그램 시행(튜터모집 연기),모집
,
스터디그룹 시행 안내,모집
,
[총학생회]2008학년도 2학기 문화그룹 현황조사 실시 안내,모집
,
2009년 2월 졸업예정자중 MATE 졸업인증 미필자들께서는 반드시 읽어보시기 바랍니다.,학사
,
정전안내 - 제1캠퍼스 전체,행사
,
[링구아]박코치 소리훈련소 9월 새학기 훈련!,모집
,
[커뮤니티] e강의실내 대용량게시판 신설안내,학사
,
[기숙사]기숙사 새 이름 발표,행사
,
[총학생회MUV]총학생회 홈페이지를 열었습니다,학생
,
2008학년도 2학기 정부보증 학자금대출 안내,장학
,
2008년도 중소기업 근로자 학자금 지원사업 안내,장학
,
국내문화탐방 보고서 제출 안내,장학
,
튜터링 프로그램 시행(튜터모집 연기),모집
,
스터디그룹 시행 안내,모집
,
[총학생회]2008학년도 2학기 문화그룹 현황조사 실시 안내,모집
,
[수강생필참]사회봉사교과목 사전교육 안내,모집
,
가을학기맞이 새로운 항공권특가 출시!,학사
,
[일반대학원] 법학전공 행정법세미나I 수업 공지,학사
,
제7회 대산대학문학상 시행,행사
,
[총학생회MUV] 2학기 스쿨버스 운행 안내,행사
,
[총학생회MUV] 한가위 귀향버스 운행 안내 (1차),학생
,
[총학생회MUV] 한가위 귀향버스 운행안내 (2차),학생
,
순헌관 전광판 임시 송출중단 안내,학사
,
2008-2학기 대학생멘토링 멘토 최종합격자 발표,모집
,
2008학년도 2학기 정부보증 학자금대출 안내,장학
,
2008년도 중소기업 근로자 학자금 지원사업 안내,장학
,
[링구아]2008년 9월 모의 TOEIC,행사
,
국내문화탐방 보고서 제출 안내,장학
,
[총학생회MUV]2008학년도 2학기 문화그룹 현황조사 실시 안내,모집
,
튜터링 프로그램 시행(튜터모집 연장),모집
,
스터디그룹 시행 안내-장소업데이트,학사
,
[총학생회MUV]총학생회 홈페이지를 열었습니다,학생
,
국적기 항공권 특별가모음,장학
,
[LinguaExpress]가을학기 영어강좌 안내,행사
,
[멀티미디어] 영화제작과 멀티미디어 강의 소개,행사
,
외항사항공권 특별가 모음,학사
,
대학생 대부업 이용자 피해예방 홍보자료 게시,행사
,
[총학생회MUV] 한가위 귀향버스 대전편 안내,학생
,
[경영학부]4학년 2학기 졸업예정자(경영학 복수전공자),학사
,
2008년도 전공별 리더양성 프로그램 공모 실시 예정 안내,행사
,
2008학년도 2학기 정부보증 학자금대출 안내,장학
,
2008년도 중소기업 근로자 학자금 지원사항 안내,장학
,
국내문화탐방 보고서 제출안내,장학
,
대학생 대부업 이용자 피해예방 홍보자료 게시,행사
,
튜터링 프로그램 시행(튜터모집 연장),모집
,
스터디그룹 시행 안내-장소업데이트,학사
,
[총학생회MUV] 한가위 귀향버스 운행안내(1차),학생
,
[총학생회MUV] 한가위 귀향버스 운행안내(2차),학생
,
[링구아] 박코치 소리 훈련소 9월 훈련 공지!,모집
,
[수강생필참]사회봉사교과목 사전교육 안내,모집
,
[경영학부]4학년 2학기 졸업예정자(경영학 복수전공자),학사
,
2008 교직설명회 개최(9/4),행사
,
오늘 나온 항공권특가모음,행사
,
(재공지)외항사항공권특별가모음,학사
,
[졸업앨범]재촬영 및 신규촬영 안내,학사
,
[총학생회MUV]2008학년도 2학기 문화그룹 현황조사 실시 안내,모집
,
9월10일 총장 취임식 관련 개인차량 운행 자제요청 및 주차통제 안내,행사
,
2008 교직이수예정자 교직복수(부)전공 선발 안내,학사
,
2008학년도 2학기 정부보증 학자금대출 안내,장학
,
2008년도 중소기업 근로자 학자금 지원사항 안내,장학
,
국내문화탐방 보고서 제출안내,장학
,
대학생 대부업 이용자 피해예방 홍보자료 게시,행사
,
[교수학습센터]튜터링 프로그램(튜터모집 연장),모집
,
[교수학습센터]스터디그룹 모집,모집
,
[총학생회MUV]2008학년도 2학기 문화그룹 현황조사 기간연장 안내,장학
,
2009전과전형 심사기준 및 2008전과결과 현황,학사
,
2008년 9월 8일(월) MOS 개강안내,행사
,
2008년 9월 모의 TOEIC,행사
,
볼런티어코디네이터의 자원봉사 안내,행사
,
[링구아]박코치 강의실 변경 공지!,학사
,
[졸업앨범]재촬영 및 신규촬영 안내,학사
,
[영어영문] 영어학입문 분반 04 (하지영 선생님) 수업장소 변경,행사
,
[영어영문] 영어학 입문 분반 05 (하지영 선생님) 수업장소 변경,행사
,
[특채] 대한항공 승무원 캠퍼스리쿠르팅,학생
,
2008학년도 2학기 정부보증 학자금대출 안내,장학
,
2008년도 중소기업 근로자 학자금 지원사항 안내,장학
,
국내문화탐방 보고서 제출안내,장학
,
졸업앨범 재촬영 및 신규촬영 안내,학사
,
2008-2 조교교육 실시 안내,모집
,
[총학생회MUV]2008학년도 2학기 문화그룹 현황조사 기간연장 안내,장학
,
[교수학습센터]튜터링 프로그램(12일로 튜터모집 연장),모집
,
[졸준위] 졸업앨범 신규촬영 및 재촬영 안내,학사
,
[필독] 커뮤니티 주소변경 안내,학사
,
[행정학과]명화랑(행정고시연구반) 입실시험공고,모집
,
2008년 전공별 리더양성프로그램 공모안 신청 안내,학사
,
[9/1-9/5] 학생서비스센터 보관습득물 안내,모집
,
2008학년도 2학기 정부보증 학자금대출 안내,장학
